8,TYPE,FIELD,BITS,UNIT,CONVERSION,MODULE,MODULE_NUM,MODULE_LINE,LINE_TYPE,SHORT_NAME,DESCRIPTION
0,CAN,UW_ID0,8,NONE,0,NONE,0,0,0,ID0,CAN ID with Length Encoded
1,CAN,UW_ID1,8,NONE,0,NONE,0,0,0,ID1,CAN ID with Length Encoded
2,CAN,UW_ID2,8,NONE,0,NONE,0,0,0,ID2,CAN ID with Length Encoded
3,CAN,UW_ID3,8,NONE,0,NONE,0,0,0,ID3,CAN ID with Length Encoded
4,CAN,x,8,pct doodie,0,cmd_mtq_bdot,1,1,0,x,bdot command for x direction,
5,CAN,y,8,pct doodie,0,cmd_mtq_bdot,1,2,0,y,bdot command for y direction,
6,CAN,z,8,pct doodie,0,cmd_mtq_bdot,1,3,0,z,bdot command for z direction,
7,CAN,JUNK,40,NONE,0,NONE,0,0,0,Junk,Unexpected bytes at the end of the CAN Packet
