9,TYPE,FIELD,BITS,UNIT,CONVERSION,MODULE,MODULE_NUM,MODULE_LINE,LINE_TYPE,SHORT_NAME,DESCRIPTION
0,CAN,UW_ID0,8,NONE,0,NONE,0,0,0,ID0,CAN ID with Length Encoded
1,CAN,UW_ID1,8,NONE,0,NONE,0,0,0,ID1,CAN ID with Length Encoded
2,CAN,UW_ID2,8,NONE,0,NONE,0,0,0,ID2,CAN ID with Length Encoded
3,CAN,UW_ID3,8,NONE,0,NONE,0,0,0,ID3,CAN ID with Length Encoded
4,CAN,curr_file,8,-,0,com2_state,1,1,0,curr_file,which fille is comm2 running rn,
5,CAN,health_state,8,-,0,com2_state,1,2,0,health_state,health state codes,
6,CAN,qfilesize,16,kB,0,com2_state,1,3,0,qfilesize,size of most recent queue file,
7,CAN,qlen,16,files,0,com2_state,1,4,0,qlen,length of the queue of py files to run,
8,CAN,uptime,16,s,0,com2_state,1,5,0,uptime,time since least mcu reboot,
