7,TYPE,FIELD,BITS,UNIT,CONVERSION,MODULE,MODULE_NUM,MODULE_LINE,LINE_TYPE,SHORT_NAME,DESCRIPTION
0,CAN,UW_ID0,8,NONE,0,NONE,0,0,0,ID0,CAN ID with Length Encoded
1,CAN,UW_ID1,8,NONE,0,NONE,0,0,0,ID1,CAN ID with Length Encoded
2,CAN,UW_ID2,8,NONE,0,NONE,0,0,0,ID2,CAN ID with Length Encoded
3,CAN,UW_ID3,8,NONE,0,NONE,0,0,0,ID3,CAN ID with Length Encoded
4,CAN,actuation,8,seconds,0,gcmd_mtq_pwm_time,1,1,0,actuation,Time for actuation in seconds,
5,CAN,measurement,8,seconds,0,gcmd_mtq_pwm_time,1,2,0,measurement,Time for measurement in seconds,
6,CAN,JUNK,48,NONE,0,NONE,0,0,0,Junk,Unexpected bytes at the end of the CAN Packet
