14,TYPE,FIELD,BITS,UNIT,CONVERSION,MODULE,MODULE_NUM,MODULE_LINE,LINE_TYPE,SHORT_NAME,DESCRIPTION
0,CAN,UW_ID0,8,NONE,0,NONE,0,0,0,ID0,CAN ID with Length Encoded
1,CAN,UW_ID1,8,NONE,0,NONE,0,0,0,ID1,CAN ID with Length Encoded
2,CAN,UW_ID2,8,NONE,0,NONE,0,0,0,ID2,CAN ID with Length Encoded
3,CAN,UW_ID3,8,NONE,0,NONE,0,0,0,ID3,CAN ID with Length Encoded
4,CAN,batt,1,-,0,gcmd_reset_minmax,1,1,0,batt,Whether to reset the subsystem,
5,CAN,bdot,1,-,0,gcmd_reset_minmax,1,2,0,bdot,Whether to reset the subsystem,
6,CAN,dist,1,-,0,gcmd_reset_minmax,1,3,0,dist,Whether to reset the subsystem,
7,CAN,estim,1,-,0,gcmd_reset_minmax,1,4,0,estim,Whether to reset the subsystem,
8,CAN,gen,1,-,0,gcmd_reset_minmax,1,5,0,gen,Whether to reset the subsystem,
9,CAN,mpc,1,-,0,gcmd_reset_minmax,1,6,0,mpc,Whether to reset the subsystem,
10,CAN,mtq,1,-,0,gcmd_reset_minmax,1,7,0,mtq,Whether to reset the subsystem,
11,CAN,ppt,1,-,0,gcmd_reset_minmax,1,8,0,ppt,Whether to reset the subsystem,
12,CAN,sensorproc,1,-,0,gcmd_reset_minmax,1,9,0,sensorproc,Whether to reset the subsystem,
13,CAN,JUNK,55,NONE,0,NONE,0,0,0,Junk,Unexpected bytes at the end of the CAN Packet
