12,TYPE,FIELD,BITS,UNIT,CONVERSION,MODULE,MODULE_NUM,MODULE_LINE,LINE_TYPE,SHORT_NAME,DESCRIPTION
0,CAN,UW_ID0,8,NONE,0,NONE,0,0,0,ID0,CAN ID with Length Encoded
1,CAN,UW_ID1,8,NONE,0,NONE,0,0,0,ID1,CAN ID with Length Encoded
2,CAN,UW_ID2,8,NONE,0,NONE,0,0,0,ID2,CAN ID with Length Encoded
3,CAN,UW_ID3,8,NONE,0,NONE,0,0,0,ID3,CAN ID with Length Encoded
4,CAN,bdot_z_min,8,-,0,rc_adcs_mtq_3,1,1,0,bdot_z_min,MinZ BDOT command,
5,CAN,fsw_x_avg,8,-,0,rc_adcs_mtq_3,1,2,0,fsw_x_avg,Average X FSW command,
6,CAN,fsw_x_max,8,-,0,rc_adcs_mtq_3,1,3,0,fsw_x_max,Max X FSW command,
7,CAN,fsw_x_min,8,-,0,rc_adcs_mtq_3,1,4,0,fsw_x_min,Min X FSW command,
8,CAN,fsw_y_avg,8,-,0,rc_adcs_mtq_3,1,5,0,fsw_y_avg,Average Y FSW command,
9,CAN,fsw_y_max,8,-,0,rc_adcs_mtq_3,1,6,0,fsw_y_max,Max Y FSW command,
10,CAN,fsw_y_min,8,-,0,rc_adcs_mtq_3,1,7,0,fsw_y_min,Min Y FSW command,
11,CAN,fsw_z_avg,8,-,0,rc_adcs_mtq_3,1,8,0,fsw_z_avg,Average Z FSW command,
