8,TYPE,FIELD,BITS,UNIT,CONVERSION,MODULE,MODULE_NUM,MODULE_LINE,LINE_TYPE,SHORT_NAME,DESCRIPTION
0,CAN,UW_ID0,8,NONE,0,NONE,0,0,0,ID0,CAN ID with Length Encoded
1,CAN,UW_ID1,8,NONE,0,NONE,0,0,0,ID1,CAN ID with Length Encoded
2,CAN,UW_ID2,8,NONE,0,NONE,0,0,0,ID2,CAN ID with Length Encoded
3,CAN,UW_ID3,8,NONE,0,NONE,0,0,0,ID3,CAN ID with Length Encoded
4,CAN,mag1_var_x,16,-,0,rc_adcs_sp_7,1,1,0,mag1_var_x,No description provided,
5,CAN,mag1_var_y,16,-,0,rc_adcs_sp_7,1,2,0,mag1_var_y,No description provided,
6,CAN,mag1_var_z,16,-,0,rc_adcs_sp_7,1,3,0,mag1_var_z,No description provided,
7,CAN,JUNK,16,NONE,0,NONE,0,0,0,Junk,Unexpected bytes at the end of the CAN Packet
