7,TYPE,FIELD,BITS,UNIT,CONVERSION,MODULE,MODULE_NUM,MODULE_LINE,LINE_TYPE,SHORT_NAME,DESCRIPTION
0,CAN,UW_ID0,8,NONE,0,NONE,0,0,0,ID0,CAN ID with Length Encoded
1,CAN,UW_ID1,8,NONE,0,NONE,0,0,0,ID1,CAN ID with Length Encoded
2,CAN,UW_ID2,8,NONE,0,NONE,0,0,0,ID2,CAN ID with Length Encoded
3,CAN,UW_ID3,8,NONE,0,NONE,0,0,0,ID3,CAN ID with Length Encoded
4,CAN,sun_z_avg,16,1/32768 units,0,rc_adcs_sp_6,1,1,0,sun_z_avg, Sun Sensor Z axis avg,
5,CAN,sun_z_max,16,1/32768 units,0,rc_adcs_sp_6,1,2,0,sun_z_max, Sun Sensor Z axis max,
6,CAN,JUNK,32,NONE,0,NONE,0,0,0,Junk,Unexpected bytes at the end of the CAN Packet
