8,TYPE,FIELD,BITS,UNIT,CONVERSION,MODULE,MODULE_NUM,MODULE_LINE,LINE_TYPE,SHORT_NAME,DESCRIPTION
0,CAN,UW_ID0,8,NONE,0,NONE,0,0,0,ID0,CAN ID with Length Encoded
1,CAN,UW_ID1,8,NONE,0,NONE,0,0,0,ID1,CAN ID with Length Encoded
2,CAN,UW_ID2,8,NONE,0,NONE,0,0,0,ID2,CAN ID with Length Encoded
3,CAN,UW_ID3,8,NONE,0,NONE,0,0,0,ID3,CAN ID with Length Encoded
4,CAN,mag2_y_avg,16,1/73 nT,0,rc_adcs_sp_12,1,1,0,mag2_y_avg,Magnetometer 2 Y axis avg,
5,CAN,mag2_y_max,16,1/73 nT,0,rc_adcs_sp_12,1,2,0,mag2_y_max,Magnetometer 2 Y axis max,
6,CAN,mag2_z_max,16,1/73 nT,0,rc_adcs_sp_12,1,3,0,mag2_z_max,Magnetometer 2 Z axis max,
7,CAN,mag2_z_min,16,1/73 nT,0,rc_adcs_sp_12,1,4,0,mag2_z_min,Magnetometer 2 Z axis min,
