7,TYPE,FIELD,BITS,UNIT,CONVERSION,MODULE,MODULE_NUM,MODULE_LINE,LINE_TYPE,SHORT_NAME,DESCRIPTION
0,CAN,UW_ID0,8,NONE,0,NONE,0,0,0,ID0,CAN ID with Length Encoded
1,CAN,UW_ID1,8,NONE,0,NONE,0,0,0,ID1,CAN ID with Length Encoded
2,CAN,UW_ID2,8,NONE,0,NONE,0,0,0,ID2,CAN ID with Length Encoded
3,CAN,UW_ID3,8,NONE,0,NONE,0,0,0,ID3,CAN ID with Length Encoded
4,CAN,dipole_gain_y,8,-,0,rc_adcs_bdot_9,1,1,0,dipole_gain_y,No description provided,
5,CAN,dipole_gain_z,8,-,0,rc_adcs_bdot_9,1,2,0,dipole_gain_z,No description provided,
6,CAN,JUNK,48,NONE,0,NONE,0,0,0,Junk,Unexpected bytes at the end of the CAN Packet
