8,TYPE,FIELD,BITS,UNIT,CONVERSION,MODULE,MODULE_NUM,MODULE_LINE,LINE_TYPE,SHORT_NAME,DESCRIPTION
0,CAN,UW_ID0,8,NONE,0,NONE,0,0,0,ID0,CAN ID with Length Encoded
1,CAN,UW_ID1,8,NONE,0,NONE,0,0,0,ID1,CAN ID with Length Encoded
2,CAN,UW_ID2,8,NONE,0,NONE,0,0,0,ID2,CAN ID with Length Encoded
3,CAN,UW_ID3,8,NONE,0,NONE,0,0,0,ID3,CAN ID with Length Encoded
4,CAN,mag2_z_avg,16,1/73 nT,0,rc_adcs_sp_13,1,1,0,mag2_z_avg,Magnetometer 2 Z axis avg,
5,CAN,suna_avg,16,60/32767º,0,rc_adcs_sp_13,1,2,0,suna_avg,Average alpha value from the sun sensor,
6,CAN,suna_max,16,60/32767º,0,rc_adcs_sp_13,1,3,0,suna_max,Maximum alpha value from the sun sensor,
7,CAN,suna_min,16,60/32767º,0,rc_adcs_sp_13,1,4,0,suna_min,Minimum alpha value from the sun sensor,
