8,TYPE,FIELD,BITS,UNIT,CONVERSION,MODULE,MODULE_NUM,MODULE_LINE,LINE_TYPE,SHORT_NAME,DESCRIPTION
0,CAN,UW_ID0,8,NONE,0,NONE,0,0,0,ID0,CAN ID with Length Encoded
1,CAN,UW_ID1,8,NONE,0,NONE,0,0,0,ID1,CAN ID with Length Encoded
2,CAN,UW_ID2,8,NONE,0,NONE,0,0,0,ID2,CAN ID with Length Encoded
3,CAN,UW_ID3,8,NONE,0,NONE,0,0,0,ID3,CAN ID with Length Encoded
4,CAN,mag_y_avg,16,1/73 nT,0,rc_adcs_bdot_3,1,1,0,mag_y_avg,Y Average reading in nT,
5,CAN,mag_y_max,16,1/73 nT,0,rc_adcs_bdot_3,1,2,0,mag_y_max,Y Maximum reading in nT,
6,CAN,mag_z_max,16,1/73 nT,0,rc_adcs_bdot_3,1,3,0,mag_z_max,Z Maximum reading in nT,
7,CAN,mag_z_min,16,1/73 nT,0,rc_adcs_bdot_3,1,4,0,mag_z_min,Z Minium reading in nT,
