9,TYPE,FIELD,BITS,UNIT,CONVERSION,MODULE,MODULE_NUM,MODULE_LINE,LINE_TYPE,SHORT_NAME,DESCRIPTION
0,CAN,UW_ID0,8,NONE,0,NONE,0,0,0,ID0,CAN ID with Length Encoded
1,CAN,UW_ID1,8,NONE,0,NONE,0,0,0,ID1,CAN ID with Length Encoded
2,CAN,UW_ID2,8,NONE,0,NONE,0,0,0,ID2,CAN ID with Length Encoded
3,CAN,UW_ID3,8,NONE,0,NONE,0,0,0,ID3,CAN ID with Length Encoded
4,CAN,imu_valid,8,-,0,rc_adcs_sp_15,1,1,0,imu_valid,Sum of last 255 processed imu valid bits,
5,CAN,imu_x_avg,16,0.004375 º/s,0,rc_adcs_sp_15,1,2,0,imu_x_avg,IMU X axis avg,
6,CAN,imu_x_max,16,0.004375 º/s,0,rc_adcs_sp_15,1,3,0,imu_x_max,IMU X axis max,
7,CAN,imu_x_min,16,0.004375 º/s,0,rc_adcs_sp_15,1,4,0,imu_x_min,IMU X axis min,
8,CAN,JUNK,8,NONE,0,NONE,0,0,0,Junk,Unexpected bytes at the end of the CAN Packet
