8,TYPE,FIELD,BITS,UNIT,CONVERSION,MODULE,MODULE_NUM,MODULE_LINE,LINE_TYPE,SHORT_NAME,DESCRIPTION
0,CAN,UW_ID0,8,NONE,0,NONE,0,0,0,ID0,CAN ID with Length Encoded
1,CAN,UW_ID1,8,NONE,0,NONE,0,0,0,ID1,CAN ID with Length Encoded
2,CAN,UW_ID2,8,NONE,0,NONE,0,0,0,ID2,CAN ID with Length Encoded
3,CAN,UW_ID3,8,NONE,0,NONE,0,0,0,ID3,CAN ID with Length Encoded
4,CAN,rc_adcs_sp_6_mag1_x_min,16,1/73 nT,0,rc_adcs_sp_8,1,1,0,rc_adcs_sp_6_mag1_x_min,Magnetometer 1 X axis min,
5,CAN,mag2_var_x,16,-,0,rc_adcs_sp_8,1,2,0,mag2_var_x,No description provided,
6,CAN,mag2_var_y,16,-,0,rc_adcs_sp_8,1,3,0,mag2_var_y,No description provided,
7,CAN,mag2_var_z,16,-,0,rc_adcs_sp_8,1,4,0,mag2_var_z,No description provided,
