8,TYPE,FIELD,BITS,UNIT,CONVERSION,MODULE,MODULE_NUM,MODULE_LINE,LINE_TYPE,SHORT_NAME,DESCRIPTION
0,CAN,UW_ID0,8,NONE,0,NONE,0,0,0,ID0,CAN ID with Length Encoded
1,CAN,UW_ID1,8,NONE,0,NONE,0,0,0,ID1,CAN ID with Length Encoded
2,CAN,UW_ID2,8,NONE,0,NONE,0,0,0,ID2,CAN ID with Length Encoded
3,CAN,UW_ID3,8,NONE,0,NONE,0,0,0,ID3,CAN ID with Length Encoded
4,CAN,spam_off_y_mtq_z,16,-,0,rc_adcs_bdot_8,1,1,0,spam_off_y_mtq_z,Last spam reading with mtq off,
5,CAN,rc_adcs_bdot_9_spam_off_z_mtq_x,16,-,0,rc_adcs_bdot_8,1,2,0,rc_adcs_bdot_9_spam_off_z_mtq_x,Last spam reading with mtq off,
6,CAN,rc_adcs_bdot_9_spam_off_z_mtq_y,16,-,0,rc_adcs_bdot_8,1,3,0,rc_adcs_bdot_9_spam_off_z_mtq_y,Last spam reading with mtq off,
7,CAN,rc_adcs_bdot_9_spam_off_z_mtq_z,16,-,0,rc_adcs_bdot_8,1,4,0,rc_adcs_bdot_9_spam_off_z_mtq_z,Last spam reading with mtq off,
