8,TYPE,FIELD,BITS,UNIT,CONVERSION,MODULE,MODULE_NUM,MODULE_LINE,LINE_TYPE,SHORT_NAME,DESCRIPTION
0,CAN,UW_ID0,8,NONE,0,NONE,0,0,0,ID0,CAN ID with Length Encoded
1,CAN,UW_ID1,8,NONE,0,NONE,0,0,0,ID1,CAN ID with Length Encoded
2,CAN,UW_ID2,8,NONE,0,NONE,0,0,0,ID2,CAN ID with Length Encoded
3,CAN,UW_ID3,8,NONE,0,NONE,0,0,0,ID3,CAN ID with Length Encoded
4,CAN,imup_z_avg,16,0.004375º/s,0,rc_adcs_sp_4,1,1,0,imup_z_avg,Processed IMU Z axis avg,
5,CAN,sun_x_avg,16,1/32768 units,0,rc_adcs_sp_4,1,2,0,sun_x_avg, Sun Sensor X axis avg,
6,CAN,sun_x_max,16,1/32768 units,0,rc_adcs_sp_4,1,3,0,sun_x_max, Sun Sensor X axis max,
7,CAN,sun_x_min,16,1/32768 units,0,rc_adcs_sp_4,1,4,0,sun_x_min, Sun Sensor X axis min,
