8,TYPE,FIELD,BITS,UNIT,CONVERSION,MODULE,MODULE_NUM,MODULE_LINE,LINE_TYPE,SHORT_NAME,DESCRIPTION
0,CAN,UW_ID0,8,NONE,0,NONE,0,0,0,ID0,CAN ID with Length Encoded
1,CAN,UW_ID1,8,NONE,0,NONE,0,0,0,ID1,CAN ID with Length Encoded
2,CAN,UW_ID2,8,NONE,0,NONE,0,0,0,ID2,CAN ID with Length Encoded
3,CAN,UW_ID3,8,NONE,0,NONE,0,0,0,ID3,CAN ID with Length Encoded
4,CAN,pnl_1_current_max,16,A,panel_current,Panel Power: rc_eps_gen_6,1,1,0,Panel 3 Current max,Panel 3 Current max
5,CAN,pnl_1_current_avg,16,A,panel_current,Panel Power: rc_eps_gen_6,1,2,0,Panel 3 Current avg,Panel 3 Current avg
6,CAN,pnl_3_power_min,16,W,panel_power,Panel Power: rc_eps_gen_6,1,3,0,Panel 1 Current min,Panel 1 Current min
7,CAN,pnl_3_power_max,16,W,panel_power,Panel Power: rc_eps_gen_6,1,4,0,Panel 1 Current max,Panel 1 Current max
