9,TYPE,FIELD,BITS,UNIT,CONVERSION,MODULE,MODULE_NUM,MODULE_LINE,LINE_TYPE,SHORT_NAME,DESCRIPTION
0,CAN,UW_ID0,8,NONE,0,NONE,0,0,0,ID0,CAN ID with Length Encoded
1,CAN,UW_ID1,8,NONE,0,NONE,0,0,0,ID1,CAN ID with Length Encoded
2,CAN,UW_ID2,8,NONE,0,NONE,0,0,0,ID2,CAN ID with Length Encoded
3,CAN,UW_ID3,8,NONE,0,NONE,0,0,0,ID3,CAN ID with Length Encoded
4,CAN,node_c_min,16,mA,eps_batt_current,Battery: rc_eps_batt_5,1,1,0,Mode Min,Current into the node between batteries. Indicates battery ballancing state.
5,CAN,node_c_max,16,mA,eps_batt_current,Battery: rc_eps_batt_5,1,2,0,Mode Max,Current into the node between batteries. Indicates battery ballancing state.
6,CAN,node_c_avg,16,mA,eps_batt_current,Battery: rc_eps_batt_5,1,3,0,Mode Avg,Current into the node between batteries. Indicates battery ballancing state.
7,CAN,batt_temp_min,8,C,panel_temperature,Battery: rc_eps_batt_5,1,4,0,Temp Min,Battery temperature indicated by TMP36 mounted to the batteries.
8,CAN,batt_temp_max,8,C,panel_temperature,Battery: rc_eps_batt_5,1,5,0,Temp Max,Battery temperature indicated by TMP36 mounted to the batteries.
