9,TYPE,FIELD,BITS,UNIT,CONVERSION,MODULE,MODULE_NUM,MODULE_LINE,LINE_TYPE,SHORT_NAME,DESCRIPTION
0,CAN,UW_ID0,8,NONE,0,NONE,0,0,0,ID0,CAN ID with Length Encoded
1,CAN,UW_ID1,8,NONE,0,NONE,0,0,0,ID1,CAN ID with Length Encoded
2,CAN,UW_ID2,8,NONE,0,NONE,0,0,0,ID2,CAN ID with Length Encoded
3,CAN,UW_ID3,8,NONE,0,NONE,0,0,0,ID3,CAN ID with Length Encoded
4,CAN,ppt_c_avg,16,raw node current,0,rc_eps_dist_16,1,1,0,ppt_c_avg,PPT domain current average,
5,CAN,ppt_c_max,16,raw node current,0,rc_eps_dist_16,1,2,0,ppt_c_max,PPT domain current maximum,
6,CAN,ppt_c_min,16,raw node current,0,rc_eps_dist_16,1,3,0,ppt_c_min,PPT domain current minimum,
7,CAN,ppt_state,8,-,0,rc_eps_dist_16,1,4,0,ppt_state,PPT domain state,
8,CAN,JUNK,8,NONE,0,NONE,0,0,0,Junk,Unexpected bytes at the end of the CAN Packet
