8,TYPE,FIELD,BITS,UNIT,CONVERSION,MODULE,MODULE_NUM,MODULE_LINE,LINE_TYPE,SHORT_NAME,DESCRIPTION
0,CAN,UW_ID0,8,NONE,0,NONE,0,0,0,ID0,CAN ID with Length Encoded
1,CAN,UW_ID1,8,NONE,0,NONE,0,0,0,ID1,CAN ID with Length Encoded
2,CAN,UW_ID2,8,NONE,0,NONE,0,0,0,ID2,CAN ID with Length Encoded
3,CAN,UW_ID3,8,NONE,0,NONE,0,0,0,ID3,CAN ID with Length Encoded
4,CAN,current_avg,16,raw current batt,0,rc_eps_batt_3,1,1,0,current_avg,Average current into or out of the battery,
5,CAN,current_max,16,raw current batt,0,rc_eps_batt_3,1,2,0,current_max,Maximum battery current seen since last min/max reset,
6,CAN,current_min,16,raw current batt,0,rc_eps_batt_3,1,3,0,current_min,Minimum battery current seen since last min/max reset,
7,CAN,JUNK,16,NONE,0,NONE,0,0,0,Junk,Unexpected bytes at the end of the CAN Packet
