7,TYPE,FIELD,BITS,UNIT,CONVERSION,MODULE,MODULE_NUM,MODULE_LINE,LINE_TYPE,SHORT_NAME,DESCRIPTION
0,CAN,UW_ID0,8,NONE,0,NONE,0,0,0,ID0,CAN ID with Length Encoded
1,CAN,UW_ID1,8,NONE,0,NONE,0,0,0,ID1,CAN ID with Length Encoded
2,CAN,UW_ID2,8,NONE,0,NONE,0,0,0,ID2,CAN ID with Length Encoded
3,CAN,UW_ID3,8,NONE,0,NONE,0,0,0,ID3,CAN ID with Length Encoded
4,CAN,acc_charge_avg,48,22.588 mAh,0,rc_eps_batt_7,1,1,0,acc_charge_avg,Accumulated charge avg,
5,CAN,acc_charge_max,32,22.588 mAh,0,rc_eps_batt_7,1,2,0,acc_charge_max,Accumulated charge maximum,
6,CAN,acc_charge_min,16,22.588 mAh,0,rc_eps_batt_7,1,3,0,acc_charge_min,Acumulated charge minimum,
