8,TYPE,FIELD,BITS,UNIT,CONVERSION,MODULE,MODULE_NUM,MODULE_LINE,LINE_TYPE,SHORT_NAME,DESCRIPTION
0,CAN,UW_ID0,8,NONE,0,NONE,0,0,0,ID0,CAN ID with Length Encoded
1,CAN,UW_ID1,8,NONE,0,NONE,0,0,0,ID1,CAN ID with Length Encoded
2,CAN,UW_ID2,8,NONE,0,NONE,0,0,0,ID2,CAN ID with Length Encoded
3,CAN,UW_ID3,8,NONE,0,NONE,0,0,0,ID3,CAN ID with Length Encoded
4,CAN,pnl_2_current_avg,16,raw node current gen,0,rc_eps_gen_5,1,1,0,pnl_2_current_avg,Panel 2 Current avg,
5,CAN,pnl_2_current_max,16,raw node current gen,0,rc_eps_gen_5,1,2,0,pnl_2_current_max,Panel 2 Current max,
6,CAN,pnl_2_current_min,16,raw node current gen,0,rc_eps_gen_5,1,3,0,pnl_2_current_min,Panel 2 Current min,
7,CAN,pnl_3_current_min,16,raw node current gen,0,rc_eps_gen_5,1,4,0,pnl_3_current_min,Panel 3 Current min,
