8,TYPE,FIELD,BITS,UNIT,CONVERSION,MODULE,MODULE_NUM,MODULE_LINE,LINE_TYPE,SHORT_NAME,DESCRIPTION
0,CAN,UW_ID0,8,NONE,0,NONE,0,0,0,ID0,CAN ID with Length Encoded
1,CAN,UW_ID1,8,NONE,0,NONE,0,0,0,ID1,CAN ID with Length Encoded
2,CAN,UW_ID2,8,NONE,0,NONE,0,0,0,ID2,CAN ID with Length Encoded
3,CAN,UW_ID3,8,NONE,0,NONE,0,0,0,ID3,CAN ID with Length Encoded
4,CAN,bdot_v_avg,16,raw node voltage,0,rc_eps_dist_11,1,1,0,bdot_v_avg,BDOT domain voltage average,
5,CAN,bdot_v_max,16,raw node voltage,0,rc_eps_dist_11,1,2,0,bdot_v_max,BDOT domain voltage maximum,
6,CAN,bdot_v_min,16,raw node voltage,0,rc_eps_dist_11,1,3,0,bdot_v_min,BDOT domain voltage minimum,
7,CAN,JUNK,16,NONE,0,NONE,0,0,0,Junk,Unexpected bytes at the end of the CAN Packet
