8,TYPE,FIELD,BITS,UNIT,CONVERSION,MODULE,MODULE_NUM,MODULE_LINE,LINE_TYPE,SHORT_NAME,DESCRIPTION
0,CAN,UW_ID0,8,NONE,0,NONE,0,0,0,ID0,CAN ID with Length Encoded
1,CAN,UW_ID1,8,NONE,0,NONE,0,0,0,ID1,CAN ID with Length Encoded
2,CAN,UW_ID2,8,NONE,0,NONE,0,0,0,ID2,CAN ID with Length Encoded
3,CAN,UW_ID3,8,NONE,0,NONE,0,0,0,ID3,CAN ID with Length Encoded
4,CAN,pnl_2_voltage_avg,16,raw voltage,0,rc_eps_gen_3,1,1,0,pnl_2_voltage_avg,Panel 2 Voltage avg,
5,CAN,pnl_2_voltage_max,16,raw voltage,0,rc_eps_gen_3,1,2,0,pnl_2_voltage_max,Panel 2 Voltage max,
6,CAN,pnl_3_voltage_max,16,raw voltage,0,rc_eps_gen_3,1,3,0,pnl_3_voltage_max,Panel 3 Voltage max,
7,CAN,pnl_3_voltage_min,16,raw voltage,0,rc_eps_gen_3,1,4,0,pnl_3_voltage_min,Panel 3 Voltage min,
