9,TYPE,FIELD,BITS,UNIT,CONVERSION,MODULE,MODULE_NUM,MODULE_LINE,LINE_TYPE,SHORT_NAME,DESCRIPTION
0,CAN,UW_ID0,8,NONE,0,NONE,0,0,0,ID0,CAN ID with Length Encoded
1,CAN,UW_ID1,8,NONE,0,NONE,0,0,0,ID1,CAN ID with Length Encoded
2,CAN,UW_ID2,8,NONE,0,NONE,0,0,0,ID2,CAN ID with Length Encoded
3,CAN,UW_ID3,8,NONE,0,NONE,0,0,0,ID3,CAN ID with Length Encoded
4,CAN,eps_state,16,-,0,Power Supply : rc_eps_dist_14,1,1,0,eps_c_avg,EPS domain current average
5,CAN,eps_c_min,16,mA,eps_current,Power Supply : rc_eps_dist_14,1,2,0,eps_c_max,EPS domain current maximum
6,CAN,eps_c_max,16,mA,eps_current,Power Supply : rc_eps_dist_14,1,3,0,eps_c_min,EPS domain current minimum
7,CAN,eps_c_avg,8,mA,eps_current,Power Supply : rc_eps_dist_14,1,4,0,eps_state,EPS domain state
8,CAN,JUNK,8,NONE,0,NONE,0,0,0,Junk,Unexpected bytes at the end of the CAN Packet
