8,TYPE,FIELD,BITS,UNIT,CONVERSION,MODULE,MODULE_NUM,MODULE_LINE,LINE_TYPE,SHORT_NAME,DESCRIPTION
0,CAN,UW_ID0,8,NONE,0,NONE,0,0,0,ID0,CAN ID with Length Encoded
1,CAN,UW_ID1,8,NONE,0,NONE,0,0,0,ID1,CAN ID with Length Encoded
2,CAN,UW_ID2,8,NONE,0,NONE,0,0,0,ID2,CAN ID with Length Encoded
3,CAN,UW_ID3,8,NONE,0,NONE,0,0,0,ID3,CAN ID with Length Encoded
4,CAN,pnl_1_power_avg,16,raw power gen,0,rc_eps_gen_10,1,1,0,pnl_1_power_avg,Panel 1 Current avg,
5,CAN,pnl_2_power_avg,16,raw power gen,0,rc_eps_gen_10,1,2,0,pnl_2_power_avg,Panel 2 Current avg,
6,CAN,pnl_3_power_avg,16,raw power gen,0,rc_eps_gen_10,1,3,0,pnl_3_power_avg,Panel 3 Current avg,
7,CAN,JUNK,16,NONE,0,NONE,0,0,0,Junk,Unexpected bytes at the end of the CAN Packet
