8,TYPE,FIELD,BITS,UNIT,CONVERSION,MODULE,MODULE_NUM,MODULE_LINE,LINE_TYPE,SHORT_NAME,DESCRIPTION
0,CAN,UW_ID0,8,NONE,0,NONE,0,0,0,ID0,CAN ID with Length Encoded
1,CAN,UW_ID1,8,NONE,0,NONE,0,0,0,ID1,CAN ID with Length Encoded
2,CAN,UW_ID2,8,NONE,0,NONE,0,0,0,ID2,CAN ID with Length Encoded
3,CAN,UW_ID3,8,NONE,0,NONE,0,0,0,ID3,CAN ID with Length Encoded
4,CAN,node_v_min,16,V,eps_node_voltage,Battery: rc_eps_batt_2,1,1,0,Max,Voltage at the node between batteries
5,CAN,node_v_max,16,V,eps_node_voltage,Battery: rc_eps_batt_2,1,2,0,Min,Voltage at the node between batteries
6,CAN,node_v_avg,16,V,eps_node_voltage,Battery: rc_eps_batt_2,1,3,0,Avg,Voltage at the node between batteries
7,CAN,JUNK,16,NONE,0,NONE,0,0,0,Junk,Unexpected bytes at the end of the CAN Packet
