7,TYPE,FIELD,BITS,UNIT,CONVERSION,MODULE,MODULE_NUM,MODULE_LINE,LINE_TYPE,SHORT_NAME,DESCRIPTION
0,CAN,UW_ID0,8,NONE,0,NONE,0,0,0,ID0,CAN ID with Length Encoded
1,CAN,UW_ID1,8,NONE,0,NONE,0,0,0,ID1,CAN ID with Length Encoded
2,CAN,UW_ID2,8,NONE,0,NONE,0,0,0,ID2,CAN ID with Length Encoded
3,CAN,UW_ID3,8,NONE,0,NONE,0,0,0,ID3,CAN ID with Length Encoded
4,CAN,canrxerror,8,-,0,rc_ppt_h2,1,1,0,canrxerror,the PPT MCP's RX error buffer,
5,CAN,last_fire_result,2,-,0,rc_ppt_h2,1,2,0,last_fire_result,The result of the last PPT fire:,
6,CAN,JUNK,54,NONE,0,NONE,0,0,0,Junk,Unexpected bytes at the end of the CAN Packet
