8,TYPE,FIELD,BITS,UNIT,CONVERSION,MODULE,MODULE_NUM,MODULE_LINE,LINE_TYPE,SHORT_NAME,DESCRIPTION
0,CAN,UW_ID0,8,NONE,0,NONE,0,0,0,ID0,CAN ID with Length Encoded
1,CAN,UW_ID1,8,NONE,0,NONE,0,0,0,ID1,CAN ID with Length Encoded
2,CAN,UW_ID2,8,NONE,0,NONE,0,0,0,ID2,CAN ID with Length Encoded
3,CAN,UW_ID3,8,NONE,0,NONE,0,0,0,ID3,CAN ID with Length Encoded
4,CAN,cooldown_time,16,2^-15 seconds,0,rc_ppt_2,1,1,0,cooldown_time,No description provided,
5,CAN,ign_charge_time,16,2^-15 seconds,0,rc_ppt_2,1,2,0,ign_charge_time,No description provided,
6,CAN,main_charge_time,16,2^-15 seconds,0,rc_ppt_2,1,3,0,main_charge_time,No description provided,
7,CAN,main_ign_delay,16,2^-15 seconds,0,rc_ppt_2,1,4,0,main_ign_delay,No description provided,
