8,TYPE,FIELD,BITS,UNIT,CONVERSION,MODULE,MODULE_NUM,MODULE_LINE,LINE_TYPE,SHORT_NAME,DESCRIPTION
0,CAN,UW_ID0,8,NONE,0,NONE,0,0,0,ID0,CAN ID with Length Encoded
1,CAN,UW_ID1,8,NONE,0,NONE,0,0,0,ID1,CAN ID with Length Encoded
2,CAN,UW_ID2,8,NONE,0,NONE,0,0,0,ID2,CAN ID with Length Encoded
3,CAN,UW_ID3,8,NONE,0,NONE,0,0,0,ID3,CAN ID with Length Encoded
4,CAN,fault_count,16,-,0,rc_ppt_1,1,1,0,fault_count,PPT fault count,
5,CAN,fire_count,16,-,0,rc_ppt_1,1,2,0,fire_count,Total number of times the PPT has fired,
6,CAN,last_main_charge,16,2^-15 seconds,0,rc_ppt_1,1,3,0,last_main_charge,Main Charge Time Average,
7,CAN,smt_wait_time,16,2^-15 seconds,0,rc_ppt_1,1,4,0,smt_wait_time,No description provided,
