9,TYPE,FIELD,BITS,UNIT,CONVERSION,MODULE,MODULE_NUM,MODULE_LINE,LINE_TYPE,SHORT_NAME,DESCRIPTION
0,CAN,UW_ID0,8,NONE,0,NONE,0,0,0,ID0,CAN ID with Length Encoded
1,CAN,UW_ID1,8,NONE,0,NONE,0,0,0,ID1,CAN ID with Length Encoded
2,CAN,UW_ID2,8,NONE,0,NONE,0,0,0,ID2,CAN ID with Length Encoded
3,CAN,UW_ID3,8,NONE,0,NONE,0,0,0,ID3,CAN ID with Length Encoded
4,CAN,valid,1,bool,0,sensorproc_sun,1,1,0,valid,Sun Angle Validity,
5,CAN,x,16,-,0,sensorproc_sun,1,2,0,x,Sun Angle x,
6,CAN,y,16,-,0,sensorproc_sun,1,3,0,y,Sun Angle y,
7,CAN,z,16,-,0,sensorproc_sun,1,4,0,z,Sun Angle z,
8,CAN,JUNK,15,NONE,0,NONE,0,0,0,Junk,Unexpected bytes at the end of the CAN Packet
