46,TYPE,FIELD,BITS,UNIT,CONVERSION,MODULE,MODULE_NUM,MODULE_LINE,LINE_TYPE,SHOMIN_NAME,DESCRIPTION
0,MIN,BATT_A_V,12,V,cubesatsim_voltage|FLOAT2,NONE,0,0,3,Cell A,Battery A voltage (0-2.5V scale)
1,MIN,BATT_B_V,12,V,cubesatsim_voltage|FLOAT2,NONE,0,0,3,Cell A+B,Battery A+B voltage (0-3.3V scale)
2,MIN,BATT_V,12,V,cubesatsim_voltage|FLOAT2,NONE,4,1,3,Cell A+B+C Voltage,Battery A+B+C voltage (0-5.0V scale)
3,MIN,SatelliteXAxisAcceleration,12,g,cubesatsim_acceleration|FLOAT2,NONE,7,4,3,Acceleration,Acceleration around X Axis
4,MIN,SatelliteYAxisAcceleration,12,g,cubesatsim_acceleration|FLOAT2,NONE,8,4,3,Acceleration,Acceleration around Y Axis
5,MIN,SatelliteZAxisAcceleration,12,g,cubesatsim_acceleration|FLOAT2,NONE,9,4,3,Acceleration,Acceleration around Z Axis
6,MIN,TOTAL_BATT_I,12,mA,cubesatsim_current,NONE,4,2,3,Current,Total Battery DC current
7,MIN,Temperature,12,C,cubesatsim_temperature,NONE,6,2,3,Temperature,STEM Payload Sensor Temperature
8,MIN,PANEL_PLUS_X_V,12,V,cubesatsim_voltage|FLOAT2,NONE,7,1,3,Voltage,+X Panel
9,MIN,PANEL_MINUS_X_V,12,V,cubesatsim_voltage|FLOAT2,NONE,10,1,3,Voltage,-X Panel
10,MIN,PANEL_PLUS_Y_V,12,V,cubesatsim_voltage|FLOAT2,NONE,8,1,3,Voltage,+Y Panel
11,MIN,PANEL_MINUS_Y_V,12,V,cubesatsim_voltage|FLOAT2,NONE,11,1,3,Voltage,-Y Panel
12,MIN,PANEL_PLUS_Z_V,12,V,cubesatsim_voltage|FLOAT2,NONE,9,1,3,Voltage,+Z Panel
13,MIN,PANEL_MINUS_Z_V,12,V,cubesatsim_voltage|FLOAT2,NONE,12,1,3,Voltage,-Z Panel
14,MIN,PANEL_PLUS_X_I,12,mA,cubesatsim_current,NONE,7,2,3,Current,+X Panel
15,MIN,PANEL_MINUS_X_I,12,mA,cubesatsim_current,NONE,10,2,3,Current,-X Panel
16,MIN,PANEL_PLUS_Y_I,12,mA,cubesatsim_current,NONE,8,2,3,Current,+Y Panel
17,MIN,PANEL_MINUS_Y_I,12,mA,cubesatsim_current,NONE,11,2,3,Current,-Y Panel
18,MIN,PANEL_PLUS_Z_I,12,mA,cubesatsim_current,NONE,9,2,3,Current,+Z Panel
19,MIN,PANEL_MINUS_Z_I,12,mA,cubesatsim_current,NONE,12,2,3,Current,-Z Panel
20,MIN,PSUVoltage,12,V,cubesatsim_voltage|FLOAT2,NONE,5,1,3,Voltage,Power Supply Voltage
21,MIN,SPIN,12,rpm,cubesatsim_rpm,NONE,3,1,3,Spacecraft Spin,Calculated spin rate using solar cells
22,MIN,Pressure,12,bar,cubesatsim_pressure,NONE,6,3,3,Pressure,STEM Payload Sensor Pressure
23,MIN,Altitude,12,m,cubesatsim_altitude,NONE,6,4,3,Altitude,STEM Payload Sensor Altitude
24,MIN,Resets,12,-,12,NONE,3,2,3,Reset Count, Software Reset Count
25,MIN,RSSI,12,dBm,cubesatsim_rssi|INT,NONE,1,1,3,RSSI,Received Signal Strength Indication
26,MIN,IHUTemperature,12,C,cubesatsim_temperature,NONE,2,1,3,Temperature,Internal Temperature of IHU
27,MIN,SatelliteXAxisAngularVelocity,12,dps,cubesatsim_rotation|INT,NONE,7,3,3,Rotation,Angular Veolcity around X Axis
28,MIN,SatelliteYAxisAngularVelocity,12,dps,cubesatsim_rotation|INT,NONE,8,3,3,Rotation,Angular Veolcity around Y Axis
29,MIN,SatelliteZAxisAngularVelocity,12,dps,cubesatsim_rotation|INT,NONE,9,3,3,Rotation,Angular Veolcity around Z Axis
30,MIN,Humidity,12,%,cubesatsim_temperature,NONE,6,5,3,Humidity,STEM Payload Sensor Humidity
31,MIN,PSUCurrent,12,mA,cubesatsim_current,NONE,5,2,3,Current,Power Supply DC Current
32,MIN,Sensor1,12,signed raw,cubesatsim_rpm,NONE,6,6,3,Sensor 1,STEM Payload Extra Sensor 1
33,MIN,Sensor2,12,signed scaled,cubesatsim_rpm,NONE,6,7,3,Sensor 2,STEM Payload Extra Sensor 2
34,MIN,STEMPayloadStatus,1,-,17,NONE,6,1,0,STEM Payload Status,STEM Payload Board Status
35,MIN,Nominal Mode,1,-,17,NONE,3,2,0,Nominal Mode, Nominal Mode (Not Safe Mode)
36,MIN,PayloadStatus1,1,-,17,NONE,6,7,0,Exp 2,STEM Payload status 1 failure indicator
37,MIN,PayloadStatus2,1,-,17,NONE,6,8,0,Exp 3,STEM Payload status 2 failure indicator
38,MIN,I2CBus0Failure,1,-,17,NONE,2,2,0,I2C Bus 0,I2C bus 0 failure indicator
39,MIN,I2CBus1Failure,1,-,17,NONE,2,3,0,I2C Bus 1,I2C bus 1 failure indicator
40,MIN,I2CBus3Failure,1,-,17,NONE,2,4,0,I2C Bus 3,I2C bus 3 failure indicator
41,MIN,CameraFailure,1,-,17,NONE,2,5,0,Camera,Camera failure indicator
42,MIN,GroundCommands,4,-,1,NONE,3,3,0,Ground Commands,Number of ground commands received
43,MIN,RXAntenna,1,-,16,NONE,1,3,0,RX Antenna,Receive antenna status
44,MIN,TXAntenna,1,-,16,NONE,1,2,0,TX Antenna,Transmit antenna status
45,MIN,Pad,58,-,0,NONE,0,0,0,NONE,NONE
