7,TYPE,FIELD,BITS,UNIT,CONVERSION,MODULE,MODULE_NUM,MODULE_LINE,LINE_TYPE,SHORT_NAME,DESCRIPTION
0,HERCI_HS,SYNC,32,NONE,28,Header,1,1,5,Sync,"Sync Byte = FA, F3, 34, 03"
1,HERCI_HS,CRC_CCITT16_SEED,16,NONE,1,Header,1,2,5,CRC Seed,CRC CCITT-16 Seed = 0
2,HERCI_HS,SEQUENCE_SOURCE,2,NONE,29,Header,1,3,5,Source,Source of the Packets in this payload
3,HERCI_HS,SEQUENCE_MONOTONIC,14,NONE,1,Header,1,4,5,Sequence,Sequence Monotonic
4,HERCI_HS,SYSTEM_TIME,32,NONE,1,Header,1,5,5,System Time,HERCI System Time from Epoch
5,HERCI_HS,EPOCH_NUMBER,16,NONE,1,Header,1,6,5,Epoch,"HERCI Epoch number, should be equal to Fox Resets"
6,HERCI_HS,RECORD_LENGTH,16,NONE,1,Header,1,7,5,Record Length,Number of octets in the transfer frame from Sync bytes to the end including filler
