868,TYPE,FIELD,BITS,UNIT,CONVERSION,MODULE,MODULE_NUM,MODULE_LINE,LINE_TYPE,SHORT_NAME,DESCRIPTION
0,RAD,BYTE0,8,NONE,0,NONE,0,0,0,Byte 1,None
1,RAD,BYTE1,8,NONE,0,NONE,0,0,0,Byte 2,None
2,RAD,BYTE2,8,NONE,0,NONE,0,0,0,Byte 3,None
3,RAD,BYTE3,8,NONE,0,NONE,0,0,0,Byte 4,None
4,RAD,BYTE4,8,NONE,0,NONE,0,0,0,Byte 5,None
5,RAD,BYTE5,8,NONE,0,NONE,0,0,0,Byte 6,None
6,RAD,BYTE6,8,NONE,0,NONE,0,0,0,Byte 7,None
7,RAD,BYTE7,8,NONE,0,NONE,0,0,0,Byte 8,None
8,RAD,BYTE8,8,NONE,0,NONE,0,0,0,Byte 9,None
9,RAD,BYTE9,8,NONE,0,NONE,0,0,0,Byte 10,None
10,RAD,BYTE10,8,NONE,0,NONE,0,0,0,Byte 11,None
11,RAD,BYTE11,8,NONE,0,NONE,0,0,0,Byte 12,None
12,RAD,BYTE12,8,NONE,0,NONE,0,0,0,Byte 13,None
13,RAD,BYTE13,8,NONE,0,NONE,0,0,0,Byte 14,None
14,RAD,BYTE14,8,NONE,0,NONE,0,0,0,Byte 15,None
15,RAD,BYTE15,8,NONE,0,NONE,0,0,0,Byte 16,None
16,RAD,BYTE16,8,NONE,0,NONE,0,0,0,Byte 17,None
17,RAD,BYTE17,8,NONE,0,NONE,0,0,0,Byte 18,None
18,RAD,BYTE18,8,NONE,0,NONE,0,0,0,Byte 19,None
19,RAD,BYTE19,8,NONE,0,NONE,0,0,0,Byte 20,None
20,RAD,BYTE20,8,NONE,0,NONE,0,0,0,Byte 21,None
21,RAD,BYTE21,8,NONE,0,NONE,0,0,0,Byte 22,None
22,RAD,BYTE22,8,NONE,0,NONE,0,0,0,Byte 23,None
23,RAD,BYTE23,8,NONE,0,NONE,0,0,0,Byte 24,None
24,RAD,BYTE24,8,NONE,0,NONE,0,0,0,Byte 25,None
25,RAD,BYTE25,8,NONE,0,NONE,0,0,0,Byte 26,None
26,RAD,BYTE26,8,NONE,0,NONE,0,0,0,Byte 27,None
27,RAD,BYTE27,8,NONE,0,NONE,0,0,0,Byte 28,None
28,RAD,BYTE28,8,NONE,0,NONE,0,0,0,Byte 29,None
29,RAD,BYTE29,8,NONE,0,NONE,0,0,0,Byte 30,None
30,RAD,BYTE30,8,NONE,0,NONE,0,0,0,Byte 31,None
31,RAD,BYTE31,8,NONE,0,NONE,0,0,0,Byte 32,None
32,RAD,BYTE32,8,NONE,0,NONE,0,0,0,Byte 33,None
33,RAD,BYTE33,8,NONE,0,NONE,0,0,0,Byte 34,None
34,RAD,BYTE34,8,NONE,0,NONE,0,0,0,Byte 35,None
35,RAD,BYTE35,8,NONE,0,NONE,0,0,0,Byte 36,None
36,RAD,BYTE36,8,NONE,0,NONE,0,0,0,Byte 37,None
37,RAD,BYTE37,8,NONE,0,NONE,0,0,0,Byte 38,None
38,RAD,BYTE38,8,NONE,0,NONE,0,0,0,Byte 39,None
39,RAD,BYTE39,8,NONE,0,NONE,0,0,0,Byte 40,None
40,RAD,BYTE40,8,NONE,0,NONE,0,0,0,Byte 41,None
41,RAD,BYTE41,8,NONE,0,NONE,0,0,0,Byte 42,None
42,RAD,BYTE42,8,NONE,0,NONE,0,0,0,Byte 43,None
43,RAD,BYTE43,8,NONE,0,NONE,0,0,0,Byte 44,None
44,RAD,BYTE44,8,NONE,0,NONE,0,0,0,Byte 45,None
45,RAD,BYTE45,8,NONE,0,NONE,0,0,0,Byte 46,None
46,RAD,BYTE46,8,NONE,0,NONE,0,0,0,Byte 47,None
47,RAD,BYTE47,8,NONE,0,NONE,0,0,0,Byte 48,None
48,RAD,BYTE48,8,NONE,0,NONE,0,0,0,Byte 49,None
49,RAD,BYTE49,8,NONE,0,NONE,0,0,0,Byte 50,None
50,RAD,BYTE50,8,NONE,0,NONE,0,0,0,Byte 51,None
51,RAD,BYTE51,8,NONE,0,NONE,0,0,0,Byte 52,None
52,RAD,BYTE52,8,NONE,0,NONE,0,0,0,Byte 53,None
53,RAD,BYTE53,8,NONE,0,NONE,0,0,0,Byte 54,None
54,RAD,BYTE54,8,NONE,0,NONE,0,0,0,Byte 55,None
55,RAD,BYTE55,8,NONE,0,NONE,0,0,0,Byte 56,None
56,RAD,BYTE56,8,NONE,0,NONE,0,0,0,Byte 57,None
57,RAD,BYTE57,8,NONE,0,NONE,0,0,0,Byte 58,None
58,RAD,BYTE58,8,NONE,0,NONE,0,0,0,Byte 59,None
59,RAD,BYTE59,8,NONE,0,NONE,0,0,0,Byte 60,None
60,RAD,BYTE60,8,NONE,0,NONE,0,0,0,Byte 61,None
61,RAD,BYTE61,8,NONE,0,NONE,0,0,0,Byte 62,None
62,RAD,BYTE62,8,NONE,0,NONE,0,0,0,Byte 63,None
63,RAD,BYTE63,8,NONE,0,NONE,0,0,0,Byte 64,None
64,RAD,BYTE64,8,NONE,0,NONE,0,0,0,Byte 65,None
65,RAD,BYTE65,8,NONE,0,NONE,0,0,0,Byte 66,None
66,RAD,BYTE66,8,NONE,0,NONE,0,0,0,Byte 67,None
67,RAD,BYTE67,8,NONE,0,NONE,0,0,0,Byte 68,None
68,RAD,BYTE68,8,NONE,0,NONE,0,0,0,Byte 69,None
69,RAD,BYTE69,8,NONE,0,NONE,0,0,0,Byte 70,None
70,RAD,BYTE70,8,NONE,0,NONE,0,0,0,Byte 71,None
71,RAD,BYTE71,8,NONE,0,NONE,0,0,0,Byte 72,None
72,RAD,BYTE72,8,NONE,0,NONE,0,0,0,Byte 73,None
73,RAD,BYTE73,8,NONE,0,NONE,0,0,0,Byte 74,None
74,RAD,BYTE74,8,NONE,0,NONE,0,0,0,Byte 75,None
75,RAD,BYTE75,8,NONE,0,NONE,0,0,0,Byte 76,None
76,RAD,BYTE76,8,NONE,0,NONE,0,0,0,Byte 77,None
77,RAD,BYTE77,8,NONE,0,NONE,0,0,0,Byte 78,None
78,RAD,BYTE78,8,NONE,0,NONE,0,0,0,Byte 79,None
79,RAD,BYTE79,8,NONE,0,NONE,0,0,0,Byte 80,None
80,RAD,BYTE80,8,NONE,0,NONE,0,0,0,Byte 81,None
81,RAD,BYTE81,8,NONE,0,NONE,0,0,0,Byte 82,None
82,RAD,BYTE82,8,NONE,0,NONE,0,0,0,Byte 83,None
83,RAD,BYTE83,8,NONE,0,NONE,0,0,0,Byte 84,None
84,RAD,BYTE84,8,NONE,0,NONE,0,0,0,Byte 85,None
85,RAD,BYTE85,8,NONE,0,NONE,0,0,0,Byte 86,None
86,RAD,BYTE86,8,NONE,0,NONE,0,0,0,Byte 87,None
87,RAD,BYTE87,8,NONE,0,NONE,0,0,0,Byte 88,None
88,RAD,BYTE88,8,NONE,0,NONE,0,0,0,Byte 89,None
89,RAD,BYTE89,8,NONE,0,NONE,0,0,0,Byte 90,None
90,RAD,BYTE90,8,NONE,0,NONE,0,0,0,Byte 91,None
91,RAD,BYTE91,8,NONE,0,NONE,0,0,0,Byte 92,None
92,RAD,BYTE92,8,NONE,0,NONE,0,0,0,Byte 93,None
93,RAD,BYTE93,8,NONE,0,NONE,0,0,0,Byte 94,None
94,RAD,BYTE94,8,NONE,0,NONE,0,0,0,Byte 95,None
95,RAD,BYTE95,8,NONE,0,NONE,0,0,0,Byte 96,None
96,RAD,BYTE96,8,NONE,0,NONE,0,0,0,Byte 97,None
97,RAD,BYTE97,8,NONE,0,NONE,0,0,0,Byte 98,None
98,RAD,BYTE98,8,NONE,0,NONE,0,0,0,Byte 99,None
99,RAD,BYTE99,8,NONE,0,NONE,0,0,0,Byte 100,None
100,RAD,BYTE100,8,NONE,0,NONE,0,0,0,Byte 101,None
101,RAD,BYTE101,8,NONE,0,NONE,0,0,0,Byte 102,None
102,RAD,BYTE102,8,NONE,0,NONE,0,0,0,Byte 103,None
103,RAD,BYTE103,8,NONE,0,NONE,0,0,0,Byte 104,None
104,RAD,BYTE104,8,NONE,0,NONE,0,0,0,Byte 105,None
105,RAD,BYTE105,8,NONE,0,NONE,0,0,0,Byte 106,None
106,RAD,BYTE106,8,NONE,0,NONE,0,0,0,Byte 107,None
107,RAD,BYTE107,8,NONE,0,NONE,0,0,0,Byte 108,None
108,RAD,BYTE108,8,NONE,0,NONE,0,0,0,Byte 109,None
109,RAD,BYTE109,8,NONE,0,NONE,0,0,0,Byte 110,None
110,RAD,BYTE110,8,NONE,0,NONE,0,0,0,Byte 111,None
111,RAD,BYTE111,8,NONE,0,NONE,0,0,0,Byte 112,None
112,RAD,BYTE112,8,NONE,0,NONE,0,0,0,Byte 113,None
113,RAD,BYTE113,8,NONE,0,NONE,0,0,0,Byte 114,None
114,RAD,BYTE114,8,NONE,0,NONE,0,0,0,Byte 115,None
115,RAD,BYTE115,8,NONE,0,NONE,0,0,0,Byte 116,None
116,RAD,BYTE116,8,NONE,0,NONE,0,0,0,Byte 117,None
117,RAD,BYTE117,8,NONE,0,NONE,0,0,0,Byte 118,None
118,RAD,BYTE118,8,NONE,0,NONE,0,0,0,Byte 119,None
119,RAD,BYTE119,8,NONE,0,NONE,0,0,0,Byte 120,None
120,RAD,BYTE120,8,NONE,0,NONE,0,0,0,Byte 121,None
121,RAD,BYTE121,8,NONE,0,NONE,0,0,0,Byte 122,None
122,RAD,BYTE122,8,NONE,0,NONE,0,0,0,Byte 123,None
123,RAD,BYTE123,8,NONE,0,NONE,0,0,0,Byte 124,None
124,RAD,BYTE124,8,NONE,0,NONE,0,0,0,Byte 125,None
125,RAD,BYTE125,8,NONE,0,NONE,0,0,0,Byte 126,None
126,RAD,BYTE126,8,NONE,0,NONE,0,0,0,Byte 127,None
127,RAD,BYTE127,8,NONE,0,NONE,0,0,0,Byte 128,None
128,RAD,BYTE128,8,NONE,0,NONE,0,0,0,Byte 129,None
129,RAD,BYTE129,8,NONE,0,NONE,0,0,0,Byte 130,None
130,RAD,BYTE130,8,NONE,0,NONE,0,0,0,Byte 131,None
131,RAD,BYTE131,8,NONE,0,NONE,0,0,0,Byte 132,None
132,RAD,BYTE132,8,NONE,0,NONE,0,0,0,Byte 133,None
133,RAD,BYTE133,8,NONE,0,NONE,0,0,0,Byte 134,None
134,RAD,BYTE134,8,NONE,0,NONE,0,0,0,Byte 135,None
135,RAD,BYTE135,8,NONE,0,NONE,0,0,0,Byte 136,None
136,RAD,BYTE136,8,NONE,0,NONE,0,0,0,Byte 137,None
137,RAD,BYTE137,8,NONE,0,NONE,0,0,0,Byte 138,None
138,RAD,BYTE138,8,NONE,0,NONE,0,0,0,Byte 139,None
139,RAD,BYTE139,8,NONE,0,NONE,0,0,0,Byte 140,None
140,RAD,BYTE140,8,NONE,0,NONE,0,0,0,Byte 141,None
141,RAD,BYTE141,8,NONE,0,NONE,0,0,0,Byte 142,None
142,RAD,BYTE142,8,NONE,0,NONE,0,0,0,Byte 143,None
143,RAD,BYTE143,8,NONE,0,NONE,0,0,0,Byte 144,None
144,RAD,BYTE144,8,NONE,0,NONE,0,0,0,Byte 145,None
145,RAD,BYTE145,8,NONE,0,NONE,0,0,0,Byte 146,None
146,RAD,BYTE146,8,NONE,0,NONE,0,0,0,Byte 147,None
147,RAD,BYTE147,8,NONE,0,NONE,0,0,0,Byte 148,None
148,RAD,BYTE148,8,NONE,0,NONE,0,0,0,Byte 149,None
149,RAD,BYTE149,8,NONE,0,NONE,0,0,0,Byte 150,None
150,RAD,BYTE150,8,NONE,0,NONE,0,0,0,Byte 151,None
151,RAD,BYTE151,8,NONE,0,NONE,0,0,0,Byte 152,None
152,RAD,BYTE152,8,NONE,0,NONE,0,0,0,Byte 153,None
153,RAD,BYTE153,8,NONE,0,NONE,0,0,0,Byte 154,None
154,RAD,BYTE154,8,NONE,0,NONE,0,0,0,Byte 155,None
155,RAD,BYTE155,8,NONE,0,NONE,0,0,0,Byte 156,None
156,RAD,BYTE156,8,NONE,0,NONE,0,0,0,Byte 157,None
157,RAD,BYTE157,8,NONE,0,NONE,0,0,0,Byte 158,None
158,RAD,BYTE158,8,NONE,0,NONE,0,0,0,Byte 159,None
159,RAD,BYTE159,8,NONE,0,NONE,0,0,0,Byte 160,None
160,RAD,BYTE160,8,NONE,0,NONE,0,0,0,Byte 161,None
161,RAD,BYTE161,8,NONE,0,NONE,0,0,0,Byte 162,None
162,RAD,BYTE162,8,NONE,0,NONE,0,0,0,Byte 163,None
163,RAD,BYTE163,8,NONE,0,NONE,0,0,0,Byte 164,None
164,RAD,BYTE164,8,NONE,0,NONE,0,0,0,Byte 165,None
165,RAD,BYTE165,8,NONE,0,NONE,0,0,0,Byte 166,None
166,RAD,BYTE166,8,NONE,0,NONE,0,0,0,Byte 167,None
167,RAD,BYTE167,8,NONE,0,NONE,0,0,0,Byte 168,None
168,RAD,BYTE168,8,NONE,0,NONE,0,0,0,Byte 169,None
169,RAD,BYTE169,8,NONE,0,NONE,0,0,0,Byte 170,None
170,RAD,BYTE170,8,NONE,0,NONE,0,0,0,Byte 171,None
171,RAD,BYTE171,8,NONE,0,NONE,0,0,0,Byte 172,None
172,RAD,BYTE172,8,NONE,0,NONE,0,0,0,Byte 173,None
173,RAD,BYTE173,8,NONE,0,NONE,0,0,0,Byte 174,None
174,RAD,BYTE174,8,NONE,0,NONE,0,0,0,Byte 175,None
175,RAD,BYTE175,8,NONE,0,NONE,0,0,0,Byte 176,None
176,RAD,BYTE176,8,NONE,0,NONE,0,0,0,Byte 177,None
177,RAD,BYTE177,8,NONE,0,NONE,0,0,0,Byte 178,None
178,RAD,BYTE178,8,NONE,0,NONE,0,0,0,Byte 179,None
179,RAD,BYTE179,8,NONE,0,NONE,0,0,0,Byte 180,None
180,RAD,BYTE180,8,NONE,0,NONE,0,0,0,Byte 181,None
181,RAD,BYTE181,8,NONE,0,NONE,0,0,0,Byte 182,None
182,RAD,BYTE182,8,NONE,0,NONE,0,0,0,Byte 183,None
183,RAD,BYTE183,8,NONE,0,NONE,0,0,0,Byte 184,None
184,RAD,BYTE184,8,NONE,0,NONE,0,0,0,Byte 185,None
185,RAD,BYTE185,8,NONE,0,NONE,0,0,0,Byte 186,None
186,RAD,BYTE186,8,NONE,0,NONE,0,0,0,Byte 187,None
187,RAD,BYTE187,8,NONE,0,NONE,0,0,0,Byte 188,None
188,RAD,BYTE188,8,NONE,0,NONE,0,0,0,Byte 189,None
189,RAD,BYTE189,8,NONE,0,NONE,0,0,0,Byte 190,None
190,RAD,BYTE190,8,NONE,0,NONE,0,0,0,Byte 191,None
191,RAD,BYTE191,8,NONE,0,NONE,0,0,0,Byte 192,None
192,RAD,BYTE192,8,NONE,0,NONE,0,0,0,Byte 193,None
193,RAD,BYTE193,8,NONE,0,NONE,0,0,0,Byte 194,None
194,RAD,BYTE194,8,NONE,0,NONE,0,0,0,Byte 195,None
195,RAD,BYTE195,8,NONE,0,NONE,0,0,0,Byte 196,None
196,RAD,BYTE196,8,NONE,0,NONE,0,0,0,Byte 197,None
197,RAD,BYTE197,8,NONE,0,NONE,0,0,0,Byte 198,None
198,RAD,BYTE198,8,NONE,0,NONE,0,0,0,Byte 199,None
199,RAD,BYTE199,8,NONE,0,NONE,0,0,0,Byte 200,None
200,RAD,BYTE200,8,NONE,0,NONE,0,0,0,Byte 201,None
201,RAD,BYTE201,8,NONE,0,NONE,0,0,0,Byte 202,None
202,RAD,BYTE202,8,NONE,0,NONE,0,0,0,Byte 203,None
203,RAD,BYTE203,8,NONE,0,NONE,0,0,0,Byte 204,None
204,RAD,BYTE204,8,NONE,0,NONE,0,0,0,Byte 205,None
205,RAD,BYTE205,8,NONE,0,NONE,0,0,0,Byte 206,None
206,RAD,BYTE206,8,NONE,0,NONE,0,0,0,Byte 207,None
207,RAD,BYTE207,8,NONE,0,NONE,0,0,0,Byte 208,None
208,RAD,BYTE208,8,NONE,0,NONE,0,0,0,Byte 209,None
209,RAD,BYTE209,8,NONE,0,NONE,0,0,0,Byte 210,None
210,RAD,BYTE210,8,NONE,0,NONE,0,0,0,Byte 211,None
211,RAD,BYTE211,8,NONE,0,NONE,0,0,0,Byte 212,None
212,RAD,BYTE212,8,NONE,0,NONE,0,0,0,Byte 213,None
213,RAD,BYTE213,8,NONE,0,NONE,0,0,0,Byte 214,None
214,RAD,BYTE214,8,NONE,0,NONE,0,0,0,Byte 215,None
215,RAD,BYTE215,8,NONE,0,NONE,0,0,0,Byte 216,None
216,RAD,BYTE216,8,NONE,0,NONE,0,0,0,Byte 217,None
217,RAD,BYTE217,8,NONE,0,NONE,0,0,0,Byte 218,None
218,RAD,BYTE218,8,NONE,0,NONE,0,0,0,Byte 219,None
219,RAD,BYTE219,8,NONE,0,NONE,0,0,0,Byte 220,None
220,RAD,BYTE220,8,NONE,0,NONE,0,0,0,Byte 221,None
221,RAD,BYTE221,8,NONE,0,NONE,0,0,0,Byte 222,None
222,RAD,BYTE222,8,NONE,0,NONE,0,0,0,Byte 223,None
223,RAD,BYTE223,8,NONE,0,NONE,0,0,0,Byte 224,None
224,RAD,BYTE224,8,NONE,0,NONE,0,0,0,Byte 225,None
225,RAD,BYTE225,8,NONE,0,NONE,0,0,0,Byte 226,None
226,RAD,BYTE226,8,NONE,0,NONE,0,0,0,Byte 227,None
227,RAD,BYTE227,8,NONE,0,NONE,0,0,0,Byte 228,None
228,RAD,BYTE228,8,NONE,0,NONE,0,0,0,Byte 229,None
229,RAD,BYTE229,8,NONE,0,NONE,0,0,0,Byte 230,None
230,RAD,BYTE230,8,NONE,0,NONE,0,0,0,Byte 231,None
231,RAD,BYTE231,8,NONE,0,NONE,0,0,0,Byte 232,None
232,RAD,BYTE232,8,NONE,0,NONE,0,0,0,Byte 233,None
233,RAD,BYTE233,8,NONE,0,NONE,0,0,0,Byte 234,None
234,RAD,BYTE234,8,NONE,0,NONE,0,0,0,Byte 235,None
235,RAD,BYTE235,8,NONE,0,NONE,0,0,0,Byte 236,None
236,RAD,BYTE236,8,NONE,0,NONE,0,0,0,Byte 237,None
237,RAD,BYTE237,8,NONE,0,NONE,0,0,0,Byte 238,None
238,RAD,BYTE238,8,NONE,0,NONE,0,0,0,Byte 239,None
239,RAD,BYTE239,8,NONE,0,NONE,0,0,0,Byte 240,None
240,RAD,BYTE240,8,NONE,0,NONE,0,0,0,Byte 241,None
241,RAD,BYTE241,8,NONE,0,NONE,0,0,0,Byte 242,None
242,RAD,BYTE242,8,NONE,0,NONE,0,0,0,Byte 243,None
243,RAD,BYTE243,8,NONE,0,NONE,0,0,0,Byte 244,None
244,RAD,BYTE244,8,NONE,0,NONE,0,0,0,Byte 245,None
245,RAD,BYTE245,8,NONE,0,NONE,0,0,0,Byte 246,None
246,RAD,BYTE246,8,NONE,0,NONE,0,0,0,Byte 247,None
247,RAD,BYTE247,8,NONE,0,NONE,0,0,0,Byte 248,None
248,RAD,BYTE248,8,NONE,0,NONE,0,0,0,Byte 249,None
249,RAD,BYTE249,8,NONE,0,NONE,0,0,0,Byte 250,None
250,RAD,BYTE250,8,NONE,0,NONE,0,0,0,Byte 251,None
251,RAD,BYTE251,8,NONE,0,NONE,0,0,0,Byte 252,None
252,RAD,BYTE252,8,NONE,0,NONE,0,0,0,Byte 253,None
253,RAD,BYTE253,8,NONE,0,NONE,0,0,0,Byte 254,None
254,RAD,BYTE254,8,NONE,0,NONE,0,0,0,Byte 255,None
255,RAD,BYTE255,8,NONE,0,NONE,0,0,0,Byte 256,None
256,RAD,BYTE256,8,NONE,0,NONE,0,0,0,Byte 257,None
257,RAD,BYTE257,8,NONE,0,NONE,0,0,0,Byte 258,None
258,RAD,BYTE258,8,NONE,0,NONE,0,0,0,Byte 259,None
259,RAD,BYTE259,8,NONE,0,NONE,0,0,0,Byte 260,None
260,RAD,BYTE260,8,NONE,0,NONE,0,0,0,Byte 261,None
261,RAD,BYTE261,8,NONE,0,NONE,0,0,0,Byte 262,None
262,RAD,BYTE262,8,NONE,0,NONE,0,0,0,Byte 263,None
263,RAD,BYTE263,8,NONE,0,NONE,0,0,0,Byte 264,None
264,RAD,BYTE264,8,NONE,0,NONE,0,0,0,Byte 265,None
265,RAD,BYTE265,8,NONE,0,NONE,0,0,0,Byte 266,None
266,RAD,BYTE266,8,NONE,0,NONE,0,0,0,Byte 267,None
267,RAD,BYTE267,8,NONE,0,NONE,0,0,0,Byte 268,None
268,RAD,BYTE268,8,NONE,0,NONE,0,0,0,Byte 269,None
269,RAD,BYTE269,8,NONE,0,NONE,0,0,0,Byte 270,None
270,RAD,BYTE270,8,NONE,0,NONE,0,0,0,Byte 271,None
271,RAD,BYTE271,8,NONE,0,NONE,0,0,0,Byte 272,None
272,RAD,BYTE272,8,NONE,0,NONE,0,0,0,Byte 273,None
273,RAD,BYTE273,8,NONE,0,NONE,0,0,0,Byte 274,None
274,RAD,BYTE274,8,NONE,0,NONE,0,0,0,Byte 275,None
275,RAD,BYTE275,8,NONE,0,NONE,0,0,0,Byte 276,None
276,RAD,BYTE276,8,NONE,0,NONE,0,0,0,Byte 277,None
277,RAD,BYTE277,8,NONE,0,NONE,0,0,0,Byte 278,None
278,RAD,BYTE278,8,NONE,0,NONE,0,0,0,Byte 279,None
279,RAD,BYTE279,8,NONE,0,NONE,0,0,0,Byte 280,None
280,RAD,BYTE280,8,NONE,0,NONE,0,0,0,Byte 281,None
281,RAD,BYTE281,8,NONE,0,NONE,0,0,0,Byte 282,None
282,RAD,BYTE282,8,NONE,0,NONE,0,0,0,Byte 283,None
283,RAD,BYTE283,8,NONE,0,NONE,0,0,0,Byte 284,None
284,RAD,BYTE284,8,NONE,0,NONE,0,0,0,Byte 285,None
285,RAD,BYTE285,8,NONE,0,NONE,0,0,0,Byte 286,None
286,RAD,BYTE286,8,NONE,0,NONE,0,0,0,Byte 287,None
287,RAD,BYTE287,8,NONE,0,NONE,0,0,0,Byte 288,None
288,RAD,BYTE288,8,NONE,0,NONE,0,0,0,Byte 289,None
289,RAD,BYTE289,8,NONE,0,NONE,0,0,0,Byte 290,None
290,RAD,BYTE290,8,NONE,0,NONE,0,0,0,Byte 291,None
291,RAD,BYTE291,8,NONE,0,NONE,0,0,0,Byte 292,None
292,RAD,BYTE292,8,NONE,0,NONE,0,0,0,Byte 293,None
293,RAD,BYTE293,8,NONE,0,NONE,0,0,0,Byte 294,None
294,RAD,BYTE294,8,NONE,0,NONE,0,0,0,Byte 295,None
295,RAD,BYTE295,8,NONE,0,NONE,0,0,0,Byte 296,None
296,RAD,BYTE296,8,NONE,0,NONE,0,0,0,Byte 297,None
297,RAD,BYTE297,8,NONE,0,NONE,0,0,0,Byte 298,None
298,RAD,BYTE298,8,NONE,0,NONE,0,0,0,Byte 299,None
299,RAD,BYTE299,8,NONE,0,NONE,0,0,0,Byte 300,None
300,RAD,BYTE300,8,NONE,0,NONE,0,0,0,Byte 301,None
301,RAD,BYTE301,8,NONE,0,NONE,0,0,0,Byte 302,None
302,RAD,BYTE302,8,NONE,0,NONE,0,0,0,Byte 303,None
303,RAD,BYTE303,8,NONE,0,NONE,0,0,0,Byte 304,None
304,RAD,BYTE304,8,NONE,0,NONE,0,0,0,Byte 305,None
305,RAD,BYTE305,8,NONE,0,NONE,0,0,0,Byte 306,None
306,RAD,BYTE306,8,NONE,0,NONE,0,0,0,Byte 307,None
307,RAD,BYTE307,8,NONE,0,NONE,0,0,0,Byte 308,None
308,RAD,BYTE308,8,NONE,0,NONE,0,0,0,Byte 309,None
309,RAD,BYTE309,8,NONE,0,NONE,0,0,0,Byte 310,None
310,RAD,BYTE310,8,NONE,0,NONE,0,0,0,Byte 311,None
311,RAD,BYTE311,8,NONE,0,NONE,0,0,0,Byte 312,None
312,RAD,BYTE312,8,NONE,0,NONE,0,0,0,Byte 313,None
313,RAD,BYTE313,8,NONE,0,NONE,0,0,0,Byte 314,None
314,RAD,BYTE314,8,NONE,0,NONE,0,0,0,Byte 315,None
315,RAD,BYTE315,8,NONE,0,NONE,0,0,0,Byte 316,None
316,RAD,BYTE316,8,NONE,0,NONE,0,0,0,Byte 317,None
317,RAD,BYTE317,8,NONE,0,NONE,0,0,0,Byte 318,None
318,RAD,BYTE318,8,NONE,0,NONE,0,0,0,Byte 319,None
319,RAD,BYTE319,8,NONE,0,NONE,0,0,0,Byte 320,None
320,RAD,BYTE320,8,NONE,0,NONE,0,0,0,Byte 321,None
321,RAD,BYTE321,8,NONE,0,NONE,0,0,0,Byte 322,None
322,RAD,BYTE322,8,NONE,0,NONE,0,0,0,Byte 323,None
323,RAD,BYTE323,8,NONE,0,NONE,0,0,0,Byte 324,None
324,RAD,BYTE324,8,NONE,0,NONE,0,0,0,Byte 325,None
325,RAD,BYTE325,8,NONE,0,NONE,0,0,0,Byte 326,None
326,RAD,BYTE326,8,NONE,0,NONE,0,0,0,Byte 327,None
327,RAD,BYTE327,8,NONE,0,NONE,0,0,0,Byte 328,None
328,RAD,BYTE328,8,NONE,0,NONE,0,0,0,Byte 329,None
329,RAD,BYTE329,8,NONE,0,NONE,0,0,0,Byte 330,None
330,RAD,BYTE330,8,NONE,0,NONE,0,0,0,Byte 331,None
331,RAD,BYTE331,8,NONE,0,NONE,0,0,0,Byte 332,None
332,RAD,BYTE332,8,NONE,0,NONE,0,0,0,Byte 333,None
333,RAD,BYTE333,8,NONE,0,NONE,0,0,0,Byte 334,None
334,RAD,BYTE334,8,NONE,0,NONE,0,0,0,Byte 335,None
335,RAD,BYTE335,8,NONE,0,NONE,0,0,0,Byte 336,None
336,RAD,BYTE336,8,NONE,0,NONE,0,0,0,Byte 337,None
337,RAD,BYTE337,8,NONE,0,NONE,0,0,0,Byte 338,None
338,RAD,BYTE338,8,NONE,0,NONE,0,0,0,Byte 339,None
339,RAD,BYTE339,8,NONE,0,NONE,0,0,0,Byte 340,None
340,RAD,BYTE340,8,NONE,0,NONE,0,0,0,Byte 341,None
341,RAD,BYTE341,8,NONE,0,NONE,0,0,0,Byte 342,None
342,RAD,BYTE342,8,NONE,0,NONE,0,0,0,Byte 343,None
343,RAD,BYTE343,8,NONE,0,NONE,0,0,0,Byte 344,None
344,RAD,BYTE344,8,NONE,0,NONE,0,0,0,Byte 345,None
345,RAD,BYTE345,8,NONE,0,NONE,0,0,0,Byte 346,None
346,RAD,BYTE346,8,NONE,0,NONE,0,0,0,Byte 347,None
347,RAD,BYTE347,8,NONE,0,NONE,0,0,0,Byte 348,None
348,RAD,BYTE348,8,NONE,0,NONE,0,0,0,Byte 349,None
349,RAD,BYTE349,8,NONE,0,NONE,0,0,0,Byte 350,None
350,RAD,BYTE350,8,NONE,0,NONE,0,0,0,Byte 351,None
351,RAD,BYTE351,8,NONE,0,NONE,0,0,0,Byte 352,None
352,RAD,BYTE352,8,NONE,0,NONE,0,0,0,Byte 353,None
353,RAD,BYTE353,8,NONE,0,NONE,0,0,0,Byte 354,None
354,RAD,BYTE354,8,NONE,0,NONE,0,0,0,Byte 355,None
355,RAD,BYTE355,8,NONE,0,NONE,0,0,0,Byte 356,None
356,RAD,BYTE356,8,NONE,0,NONE,0,0,0,Byte 357,None
357,RAD,BYTE357,8,NONE,0,NONE,0,0,0,Byte 358,None
358,RAD,BYTE358,8,NONE,0,NONE,0,0,0,Byte 359,None
359,RAD,BYTE359,8,NONE,0,NONE,0,0,0,Byte 360,None
360,RAD,BYTE360,8,NONE,0,NONE,0,0,0,Byte 361,None
361,RAD,BYTE361,8,NONE,0,NONE,0,0,0,Byte 362,None
362,RAD,BYTE362,8,NONE,0,NONE,0,0,0,Byte 363,None
363,RAD,BYTE363,8,NONE,0,NONE,0,0,0,Byte 364,None
364,RAD,BYTE364,8,NONE,0,NONE,0,0,0,Byte 365,None
365,RAD,BYTE365,8,NONE,0,NONE,0,0,0,Byte 366,None
366,RAD,BYTE366,8,NONE,0,NONE,0,0,0,Byte 367,None
367,RAD,BYTE367,8,NONE,0,NONE,0,0,0,Byte 368,None
368,RAD,BYTE368,8,NONE,0,NONE,0,0,0,Byte 369,None
369,RAD,BYTE369,8,NONE,0,NONE,0,0,0,Byte 370,None
370,RAD,BYTE370,8,NONE,0,NONE,0,0,0,Byte 371,None
371,RAD,BYTE371,8,NONE,0,NONE,0,0,0,Byte 372,None
372,RAD,BYTE372,8,NONE,0,NONE,0,0,0,Byte 373,None
373,RAD,BYTE373,8,NONE,0,NONE,0,0,0,Byte 374,None
374,RAD,BYTE374,8,NONE,0,NONE,0,0,0,Byte 375,None
375,RAD,BYTE375,8,NONE,0,NONE,0,0,0,Byte 376,None
376,RAD,BYTE376,8,NONE,0,NONE,0,0,0,Byte 377,None
377,RAD,BYTE377,8,NONE,0,NONE,0,0,0,Byte 378,None
378,RAD,BYTE378,8,NONE,0,NONE,0,0,0,Byte 379,None
379,RAD,BYTE379,8,NONE,0,NONE,0,0,0,Byte 380,None
380,RAD,BYTE380,8,NONE,0,NONE,0,0,0,Byte 381,None
381,RAD,BYTE381,8,NONE,0,NONE,0,0,0,Byte 382,None
382,RAD,BYTE382,8,NONE,0,NONE,0,0,0,Byte 383,None
383,RAD,BYTE383,8,NONE,0,NONE,0,0,0,Byte 384,None
384,RAD,BYTE384,8,NONE,0,NONE,0,0,0,Byte 385,None
385,RAD,BYTE385,8,NONE,0,NONE,0,0,0,Byte 386,None
386,RAD,BYTE386,8,NONE,0,NONE,0,0,0,Byte 387,None
387,RAD,BYTE387,8,NONE,0,NONE,0,0,0,Byte 388,None
388,RAD,BYTE388,8,NONE,0,NONE,0,0,0,Byte 389,None
389,RAD,BYTE389,8,NONE,0,NONE,0,0,0,Byte 390,None
390,RAD,BYTE390,8,NONE,0,NONE,0,0,0,Byte 391,None
391,RAD,BYTE391,8,NONE,0,NONE,0,0,0,Byte 392,None
392,RAD,BYTE392,8,NONE,0,NONE,0,0,0,Byte 393,None
393,RAD,BYTE393,8,NONE,0,NONE,0,0,0,Byte 394,None
394,RAD,BYTE394,8,NONE,0,NONE,0,0,0,Byte 395,None
395,RAD,BYTE395,8,NONE,0,NONE,0,0,0,Byte 396,None
396,RAD,BYTE396,8,NONE,0,NONE,0,0,0,Byte 397,None
397,RAD,BYTE397,8,NONE,0,NONE,0,0,0,Byte 398,None
398,RAD,BYTE398,8,NONE,0,NONE,0,0,0,Byte 399,None
399,RAD,BYTE399,8,NONE,0,NONE,0,0,0,Byte 400,None
400,RAD,BYTE400,8,NONE,0,NONE,0,0,0,Byte 401,None
401,RAD,BYTE401,8,NONE,0,NONE,0,0,0,Byte 402,None
402,RAD,BYTE402,8,NONE,0,NONE,0,0,0,Byte 403,None
403,RAD,BYTE403,8,NONE,0,NONE,0,0,0,Byte 404,None
404,RAD,BYTE404,8,NONE,0,NONE,0,0,0,Byte 405,None
405,RAD,BYTE405,8,NONE,0,NONE,0,0,0,Byte 406,None
406,RAD,BYTE406,8,NONE,0,NONE,0,0,0,Byte 407,None
407,RAD,BYTE407,8,NONE,0,NONE,0,0,0,Byte 408,None
408,RAD,BYTE408,8,NONE,0,NONE,0,0,0,Byte 409,None
409,RAD,BYTE409,8,NONE,0,NONE,0,0,0,Byte 410,None
410,RAD,BYTE410,8,NONE,0,NONE,0,0,0,Byte 411,None
411,RAD,BYTE411,8,NONE,0,NONE,0,0,0,Byte 412,None
412,RAD,BYTE412,8,NONE,0,NONE,0,0,0,Byte 413,None
413,RAD,BYTE413,8,NONE,0,NONE,0,0,0,Byte 414,None
414,RAD,BYTE414,8,NONE,0,NONE,0,0,0,Byte 415,None
415,RAD,BYTE415,8,NONE,0,NONE,0,0,0,Byte 416,None
416,RAD,BYTE416,8,NONE,0,NONE,0,0,0,Byte 417,None
417,RAD,BYTE417,8,NONE,0,NONE,0,0,0,Byte 418,None
418,RAD,BYTE418,8,NONE,0,NONE,0,0,0,Byte 419,None
419,RAD,BYTE419,8,NONE,0,NONE,0,0,0,Byte 420,None
420,RAD,BYTE420,8,NONE,0,NONE,0,0,0,Byte 421,None
421,RAD,BYTE421,8,NONE,0,NONE,0,0,0,Byte 422,None
422,RAD,BYTE422,8,NONE,0,NONE,0,0,0,Byte 423,None
423,RAD,BYTE423,8,NONE,0,NONE,0,0,0,Byte 424,None
424,RAD,BYTE424,8,NONE,0,NONE,0,0,0,Byte 425,None
425,RAD,BYTE425,8,NONE,0,NONE,0,0,0,Byte 426,None
426,RAD,BYTE426,8,NONE,0,NONE,0,0,0,Byte 427,None
427,RAD,BYTE427,8,NONE,0,NONE,0,0,0,Byte 428,None
428,RAD,BYTE428,8,NONE,0,NONE,0,0,0,Byte 429,None
429,RAD,BYTE429,8,NONE,0,NONE,0,0,0,Byte 430,None
430,RAD,BYTE430,8,NONE,0,NONE,0,0,0,Byte 431,None
431,RAD,BYTE431,8,NONE,0,NONE,0,0,0,Byte 432,None
432,RAD,BYTE432,8,NONE,0,NONE,0,0,0,Byte 433,None
433,RAD,BYTE433,8,NONE,0,NONE,0,0,0,Byte 434,None
434,RAD,BYTE434,8,NONE,0,NONE,0,0,0,Byte 435,None
435,RAD,BYTE435,8,NONE,0,NONE,0,0,0,Byte 436,None
436,RAD,BYTE436,8,NONE,0,NONE,0,0,0,Byte 437,None
437,RAD,BYTE437,8,NONE,0,NONE,0,0,0,Byte 438,None
438,RAD,BYTE438,8,NONE,0,NONE,0,0,0,Byte 439,None
439,RAD,BYTE439,8,NONE,0,NONE,0,0,0,Byte 440,None
440,RAD,BYTE440,8,NONE,0,NONE,0,0,0,Byte 441,None
441,RAD,BYTE441,8,NONE,0,NONE,0,0,0,Byte 442,None
442,RAD,BYTE442,8,NONE,0,NONE,0,0,0,Byte 443,None
443,RAD,BYTE443,8,NONE,0,NONE,0,0,0,Byte 444,None
444,RAD,BYTE444,8,NONE,0,NONE,0,0,0,Byte 445,None
445,RAD,BYTE445,8,NONE,0,NONE,0,0,0,Byte 446,None
446,RAD,BYTE446,8,NONE,0,NONE,0,0,0,Byte 447,None
447,RAD,BYTE447,8,NONE,0,NONE,0,0,0,Byte 448,None
448,RAD,BYTE448,8,NONE,0,NONE,0,0,0,Byte 449,None
449,RAD,BYTE449,8,NONE,0,NONE,0,0,0,Byte 450,None
450,RAD,BYTE450,8,NONE,0,NONE,0,0,0,Byte 451,None
451,RAD,BYTE451,8,NONE,0,NONE,0,0,0,Byte 452,None
452,RAD,BYTE452,8,NONE,0,NONE,0,0,0,Byte 453,None
453,RAD,BYTE453,8,NONE,0,NONE,0,0,0,Byte 454,None
454,RAD,BYTE454,8,NONE,0,NONE,0,0,0,Byte 455,None
455,RAD,BYTE455,8,NONE,0,NONE,0,0,0,Byte 456,None
456,RAD,BYTE456,8,NONE,0,NONE,0,0,0,Byte 457,None
457,RAD,BYTE457,8,NONE,0,NONE,0,0,0,Byte 458,None
458,RAD,BYTE458,8,NONE,0,NONE,0,0,0,Byte 459,None
459,RAD,BYTE459,8,NONE,0,NONE,0,0,0,Byte 460,None
460,RAD,BYTE460,8,NONE,0,NONE,0,0,0,Byte 461,None
461,RAD,BYTE461,8,NONE,0,NONE,0,0,0,Byte 462,None
462,RAD,BYTE462,8,NONE,0,NONE,0,0,0,Byte 463,None
463,RAD,BYTE463,8,NONE,0,NONE,0,0,0,Byte 464,None
464,RAD,BYTE464,8,NONE,0,NONE,0,0,0,Byte 465,None
465,RAD,BYTE465,8,NONE,0,NONE,0,0,0,Byte 466,None
466,RAD,BYTE466,8,NONE,0,NONE,0,0,0,Byte 467,None
467,RAD,BYTE467,8,NONE,0,NONE,0,0,0,Byte 468,None
468,RAD,BYTE468,8,NONE,0,NONE,0,0,0,Byte 469,None
469,RAD,BYTE469,8,NONE,0,NONE,0,0,0,Byte 470,None
470,RAD,BYTE470,8,NONE,0,NONE,0,0,0,Byte 471,None
471,RAD,BYTE471,8,NONE,0,NONE,0,0,0,Byte 472,None
472,RAD,BYTE472,8,NONE,0,NONE,0,0,0,Byte 473,None
473,RAD,BYTE473,8,NONE,0,NONE,0,0,0,Byte 474,None
474,RAD,BYTE474,8,NONE,0,NONE,0,0,0,Byte 475,None
475,RAD,BYTE475,8,NONE,0,NONE,0,0,0,Byte 476,None
476,RAD,BYTE476,8,NONE,0,NONE,0,0,0,Byte 477,None
477,RAD,BYTE477,8,NONE,0,NONE,0,0,0,Byte 478,None
478,RAD,BYTE478,8,NONE,0,NONE,0,0,0,Byte 479,None
479,RAD,BYTE479,8,NONE,0,NONE,0,0,0,Byte 480,None
480,RAD,BYTE480,8,NONE,0,NONE,0,0,0,Byte 481,None
481,RAD,BYTE481,8,NONE,0,NONE,0,0,0,Byte 482,None
482,RAD,BYTE482,8,NONE,0,NONE,0,0,0,Byte 483,None
483,RAD,BYTE483,8,NONE,0,NONE,0,0,0,Byte 484,None
484,RAD,BYTE484,8,NONE,0,NONE,0,0,0,Byte 485,None
485,RAD,BYTE485,8,NONE,0,NONE,0,0,0,Byte 486,None
486,RAD,BYTE486,8,NONE,0,NONE,0,0,0,Byte 487,None
487,RAD,BYTE487,8,NONE,0,NONE,0,0,0,Byte 488,None
488,RAD,BYTE488,8,NONE,0,NONE,0,0,0,Byte 489,None
489,RAD,BYTE489,8,NONE,0,NONE,0,0,0,Byte 490,None
490,RAD,BYTE490,8,NONE,0,NONE,0,0,0,Byte 491,None
491,RAD,BYTE491,8,NONE,0,NONE,0,0,0,Byte 492,None
492,RAD,BYTE492,8,NONE,0,NONE,0,0,0,Byte 493,None
493,RAD,BYTE493,8,NONE,0,NONE,0,0,0,Byte 494,None
494,RAD,BYTE494,8,NONE,0,NONE,0,0,0,Byte 495,None
495,RAD,BYTE495,8,NONE,0,NONE,0,0,0,Byte 496,None
496,RAD,BYTE496,8,NONE,0,NONE,0,0,0,Byte 497,None
497,RAD,BYTE497,8,NONE,0,NONE,0,0,0,Byte 498,None
498,RAD,BYTE498,8,NONE,0,NONE,0,0,0,Byte 499,None
499,RAD,BYTE499,8,NONE,0,NONE,0,0,0,Byte 500,None
500,RAD,BYTE500,8,NONE,0,NONE,0,0,0,Byte 501,None
501,RAD,BYTE501,8,NONE,0,NONE,0,0,0,Byte 502,None
502,RAD,BYTE502,8,NONE,0,NONE,0,0,0,Byte 503,None
503,RAD,BYTE503,8,NONE,0,NONE,0,0,0,Byte 504,None
504,RAD,BYTE504,8,NONE,0,NONE,0,0,0,Byte 505,None
505,RAD,BYTE505,8,NONE,0,NONE,0,0,0,Byte 506,None
506,RAD,BYTE506,8,NONE,0,NONE,0,0,0,Byte 507,None
507,RAD,BYTE507,8,NONE,0,NONE,0,0,0,Byte 508,None
508,RAD,BYTE508,8,NONE,0,NONE,0,0,0,Byte 509,None
509,RAD,BYTE509,8,NONE,0,NONE,0,0,0,Byte 510,None
510,RAD,BYTE510,8,NONE,0,NONE,0,0,0,Byte 511,None
511,RAD,BYTE511,8,NONE,0,NONE,0,0,0,Byte 512,None
512,RAD,BYTE512,8,NONE,0,NONE,0,0,0,Byte 513,None
513,RAD,BYTE513,8,NONE,0,NONE,0,0,0,Byte 514,None
514,RAD,BYTE514,8,NONE,0,NONE,0,0,0,Byte 515,None
515,RAD,BYTE515,8,NONE,0,NONE,0,0,0,Byte 516,None
516,RAD,BYTE516,8,NONE,0,NONE,0,0,0,Byte 517,None
517,RAD,BYTE517,8,NONE,0,NONE,0,0,0,Byte 518,None
518,RAD,BYTE518,8,NONE,0,NONE,0,0,0,Byte 519,None
519,RAD,BYTE519,8,NONE,0,NONE,0,0,0,Byte 520,None
520,RAD,BYTE520,8,NONE,0,NONE,0,0,0,Byte 521,None
521,RAD,BYTE521,8,NONE,0,NONE,0,0,0,Byte 522,None
522,RAD,BYTE522,8,NONE,0,NONE,0,0,0,Byte 523,None
523,RAD,BYTE523,8,NONE,0,NONE,0,0,0,Byte 524,None
524,RAD,BYTE524,8,NONE,0,NONE,0,0,0,Byte 525,None
525,RAD,BYTE525,8,NONE,0,NONE,0,0,0,Byte 526,None
526,RAD,BYTE526,8,NONE,0,NONE,0,0,0,Byte 527,None
527,RAD,BYTE527,8,NONE,0,NONE,0,0,0,Byte 528,None
528,RAD,BYTE528,8,NONE,0,NONE,0,0,0,Byte 529,None
529,RAD,BYTE529,8,NONE,0,NONE,0,0,0,Byte 530,None
530,RAD,BYTE530,8,NONE,0,NONE,0,0,0,Byte 531,None
531,RAD,BYTE531,8,NONE,0,NONE,0,0,0,Byte 532,None
532,RAD,BYTE532,8,NONE,0,NONE,0,0,0,Byte 533,None
533,RAD,BYTE533,8,NONE,0,NONE,0,0,0,Byte 534,None
534,RAD,BYTE534,8,NONE,0,NONE,0,0,0,Byte 535,None
535,RAD,BYTE535,8,NONE,0,NONE,0,0,0,Byte 536,None
536,RAD,BYTE536,8,NONE,0,NONE,0,0,0,Byte 537,None
537,RAD,BYTE537,8,NONE,0,NONE,0,0,0,Byte 538,None
538,RAD,BYTE538,8,NONE,0,NONE,0,0,0,Byte 539,None
539,RAD,BYTE539,8,NONE,0,NONE,0,0,0,Byte 540,None
540,RAD,BYTE540,8,NONE,0,NONE,0,0,0,Byte 541,None
541,RAD,BYTE541,8,NONE,0,NONE,0,0,0,Byte 542,None
542,RAD,BYTE542,8,NONE,0,NONE,0,0,0,Byte 543,None
543,RAD,BYTE543,8,NONE,0,NONE,0,0,0,Byte 544,None
544,RAD,BYTE544,8,NONE,0,NONE,0,0,0,Byte 545,None
545,RAD,BYTE545,8,NONE,0,NONE,0,0,0,Byte 546,None
546,RAD,BYTE546,8,NONE,0,NONE,0,0,0,Byte 547,None
547,RAD,BYTE547,8,NONE,0,NONE,0,0,0,Byte 548,None
548,RAD,BYTE548,8,NONE,0,NONE,0,0,0,Byte 549,None
549,RAD,BYTE549,8,NONE,0,NONE,0,0,0,Byte 550,None
550,RAD,BYTE550,8,NONE,0,NONE,0,0,0,Byte 551,None
551,RAD,BYTE551,8,NONE,0,NONE,0,0,0,Byte 552,None
552,RAD,BYTE552,8,NONE,0,NONE,0,0,0,Byte 553,None
553,RAD,BYTE553,8,NONE,0,NONE,0,0,0,Byte 554,None
554,RAD,BYTE554,8,NONE,0,NONE,0,0,0,Byte 555,None
555,RAD,BYTE555,8,NONE,0,NONE,0,0,0,Byte 556,None
556,RAD,BYTE556,8,NONE,0,NONE,0,0,0,Byte 557,None
557,RAD,BYTE557,8,NONE,0,NONE,0,0,0,Byte 558,None
558,RAD,BYTE558,8,NONE,0,NONE,0,0,0,Byte 559,None
559,RAD,BYTE559,8,NONE,0,NONE,0,0,0,Byte 560,None
560,RAD,BYTE560,8,NONE,0,NONE,0,0,0,Byte 561,None
561,RAD,BYTE561,8,NONE,0,NONE,0,0,0,Byte 562,None
562,RAD,BYTE562,8,NONE,0,NONE,0,0,0,Byte 563,None
563,RAD,BYTE563,8,NONE,0,NONE,0,0,0,Byte 564,None
564,RAD,BYTE564,8,NONE,0,NONE,0,0,0,Byte 565,None
565,RAD,BYTE565,8,NONE,0,NONE,0,0,0,Byte 566,None
566,RAD,BYTE566,8,NONE,0,NONE,0,0,0,Byte 567,None
567,RAD,BYTE567,8,NONE,0,NONE,0,0,0,Byte 568,None
568,RAD,BYTE568,8,NONE,0,NONE,0,0,0,Byte 569,None
569,RAD,BYTE569,8,NONE,0,NONE,0,0,0,Byte 570,None
570,RAD,BYTE570,8,NONE,0,NONE,0,0,0,Byte 571,None
571,RAD,BYTE571,8,NONE,0,NONE,0,0,0,Byte 572,None
572,RAD,BYTE572,8,NONE,0,NONE,0,0,0,Byte 573,None
573,RAD,BYTE573,8,NONE,0,NONE,0,0,0,Byte 574,None
574,RAD,BYTE574,8,NONE,0,NONE,0,0,0,Byte 575,None
575,RAD,BYTE575,8,NONE,0,NONE,0,0,0,Byte 576,None
576,RAD,BYTE576,8,NONE,0,NONE,0,0,0,Byte 577,None
577,RAD,BYTE577,8,NONE,0,NONE,0,0,0,Byte 578,None
578,RAD,BYTE578,8,NONE,0,NONE,0,0,0,Byte 579,None
579,RAD,BYTE579,8,NONE,0,NONE,0,0,0,Byte 580,None
580,RAD,BYTE580,8,NONE,0,NONE,0,0,0,Byte 581,None
581,RAD,BYTE581,8,NONE,0,NONE,0,0,0,Byte 582,None
582,RAD,BYTE582,8,NONE,0,NONE,0,0,0,Byte 583,None
583,RAD,BYTE583,8,NONE,0,NONE,0,0,0,Byte 584,None
584,RAD,BYTE584,8,NONE,0,NONE,0,0,0,Byte 585,None
585,RAD,BYTE585,8,NONE,0,NONE,0,0,0,Byte 586,None
586,RAD,BYTE586,8,NONE,0,NONE,0,0,0,Byte 587,None
587,RAD,BYTE587,8,NONE,0,NONE,0,0,0,Byte 588,None
588,RAD,BYTE588,8,NONE,0,NONE,0,0,0,Byte 589,None
589,RAD,BYTE589,8,NONE,0,NONE,0,0,0,Byte 590,None
590,RAD,BYTE590,8,NONE,0,NONE,0,0,0,Byte 591,None
591,RAD,BYTE591,8,NONE,0,NONE,0,0,0,Byte 592,None
592,RAD,BYTE592,8,NONE,0,NONE,0,0,0,Byte 593,None
593,RAD,BYTE593,8,NONE,0,NONE,0,0,0,Byte 594,None
594,RAD,BYTE594,8,NONE,0,NONE,0,0,0,Byte 595,None
595,RAD,BYTE595,8,NONE,0,NONE,0,0,0,Byte 596,None
596,RAD,BYTE596,8,NONE,0,NONE,0,0,0,Byte 597,None
597,RAD,BYTE597,8,NONE,0,NONE,0,0,0,Byte 598,None
598,RAD,BYTE598,8,NONE,0,NONE,0,0,0,Byte 599,None
599,RAD,BYTE599,8,NONE,0,NONE,0,0,0,Byte 600,None
600,RAD,BYTE600,8,NONE,0,NONE,0,0,0,Byte 601,None
601,RAD,BYTE601,8,NONE,0,NONE,0,0,0,Byte 602,None
602,RAD,BYTE602,8,NONE,0,NONE,0,0,0,Byte 603,None
603,RAD,BYTE603,8,NONE,0,NONE,0,0,0,Byte 604,None
604,RAD,BYTE604,8,NONE,0,NONE,0,0,0,Byte 605,None
605,RAD,BYTE605,8,NONE,0,NONE,0,0,0,Byte 606,None
606,RAD,BYTE606,8,NONE,0,NONE,0,0,0,Byte 607,None
607,RAD,BYTE607,8,NONE,0,NONE,0,0,0,Byte 608,None
608,RAD,BYTE608,8,NONE,0,NONE,0,0,0,Byte 609,None
609,RAD,BYTE609,8,NONE,0,NONE,0,0,0,Byte 610,None
610,RAD,BYTE610,8,NONE,0,NONE,0,0,0,Byte 611,None
611,RAD,BYTE611,8,NONE,0,NONE,0,0,0,Byte 612,None
612,RAD,BYTE612,8,NONE,0,NONE,0,0,0,Byte 613,None
613,RAD,BYTE613,8,NONE,0,NONE,0,0,0,Byte 614,None
614,RAD,BYTE614,8,NONE,0,NONE,0,0,0,Byte 615,None
615,RAD,BYTE615,8,NONE,0,NONE,0,0,0,Byte 616,None
616,RAD,BYTE616,8,NONE,0,NONE,0,0,0,Byte 617,None
617,RAD,BYTE617,8,NONE,0,NONE,0,0,0,Byte 618,None
618,RAD,BYTE618,8,NONE,0,NONE,0,0,0,Byte 619,None
619,RAD,BYTE619,8,NONE,0,NONE,0,0,0,Byte 620,None
620,RAD,BYTE620,8,NONE,0,NONE,0,0,0,Byte 621,None
621,RAD,BYTE621,8,NONE,0,NONE,0,0,0,Byte 622,None
622,RAD,BYTE622,8,NONE,0,NONE,0,0,0,Byte 623,None
623,RAD,BYTE623,8,NONE,0,NONE,0,0,0,Byte 624,None
624,RAD,BYTE624,8,NONE,0,NONE,0,0,0,Byte 625,None
625,RAD,BYTE625,8,NONE,0,NONE,0,0,0,Byte 626,None
626,RAD,BYTE626,8,NONE,0,NONE,0,0,0,Byte 627,None
627,RAD,BYTE627,8,NONE,0,NONE,0,0,0,Byte 628,None
628,RAD,BYTE628,8,NONE,0,NONE,0,0,0,Byte 629,None
629,RAD,BYTE629,8,NONE,0,NONE,0,0,0,Byte 630,None
630,RAD,BYTE630,8,NONE,0,NONE,0,0,0,Byte 631,None
631,RAD,BYTE631,8,NONE,0,NONE,0,0,0,Byte 632,None
632,RAD,BYTE632,8,NONE,0,NONE,0,0,0,Byte 633,None
633,RAD,BYTE633,8,NONE,0,NONE,0,0,0,Byte 634,None
634,RAD,BYTE634,8,NONE,0,NONE,0,0,0,Byte 635,None
635,RAD,BYTE635,8,NONE,0,NONE,0,0,0,Byte 636,None
636,RAD,BYTE636,8,NONE,0,NONE,0,0,0,Byte 637,None
637,RAD,BYTE637,8,NONE,0,NONE,0,0,0,Byte 638,None
638,RAD,BYTE638,8,NONE,0,NONE,0,0,0,Byte 639,None
639,RAD,BYTE639,8,NONE,0,NONE,0,0,0,Byte 640,None
640,RAD,BYTE640,8,NONE,0,NONE,0,0,0,Byte 641,None
641,RAD,BYTE641,8,NONE,0,NONE,0,0,0,Byte 642,None
642,RAD,BYTE642,8,NONE,0,NONE,0,0,0,Byte 643,None
643,RAD,BYTE643,8,NONE,0,NONE,0,0,0,Byte 644,None
644,RAD,BYTE644,8,NONE,0,NONE,0,0,0,Byte 645,None
645,RAD,BYTE645,8,NONE,0,NONE,0,0,0,Byte 646,None
646,RAD,BYTE646,8,NONE,0,NONE,0,0,0,Byte 647,None
647,RAD,BYTE647,8,NONE,0,NONE,0,0,0,Byte 648,None
648,RAD,BYTE648,8,NONE,0,NONE,0,0,0,Byte 649,None
649,RAD,BYTE649,8,NONE,0,NONE,0,0,0,Byte 650,None
650,RAD,BYTE650,8,NONE,0,NONE,0,0,0,Byte 651,None
651,RAD,BYTE651,8,NONE,0,NONE,0,0,0,Byte 652,None
652,RAD,BYTE652,8,NONE,0,NONE,0,0,0,Byte 653,None
653,RAD,BYTE653,8,NONE,0,NONE,0,0,0,Byte 654,None
654,RAD,BYTE654,8,NONE,0,NONE,0,0,0,Byte 655,None
655,RAD,BYTE655,8,NONE,0,NONE,0,0,0,Byte 656,None
656,RAD,BYTE656,8,NONE,0,NONE,0,0,0,Byte 657,None
657,RAD,BYTE657,8,NONE,0,NONE,0,0,0,Byte 658,None
658,RAD,BYTE658,8,NONE,0,NONE,0,0,0,Byte 659,None
659,RAD,BYTE659,8,NONE,0,NONE,0,0,0,Byte 660,None
660,RAD,BYTE660,8,NONE,0,NONE,0,0,0,Byte 661,None
661,RAD,BYTE661,8,NONE,0,NONE,0,0,0,Byte 662,None
662,RAD,BYTE662,8,NONE,0,NONE,0,0,0,Byte 663,None
663,RAD,BYTE663,8,NONE,0,NONE,0,0,0,Byte 664,None
664,RAD,BYTE664,8,NONE,0,NONE,0,0,0,Byte 665,None
665,RAD,BYTE665,8,NONE,0,NONE,0,0,0,Byte 666,None
666,RAD,BYTE666,8,NONE,0,NONE,0,0,0,Byte 667,None
667,RAD,BYTE667,8,NONE,0,NONE,0,0,0,Byte 668,None
668,RAD,BYTE668,8,NONE,0,NONE,0,0,0,Byte 669,None
669,RAD,BYTE669,8,NONE,0,NONE,0,0,0,Byte 670,None
670,RAD,BYTE670,8,NONE,0,NONE,0,0,0,Byte 671,None
671,RAD,BYTE671,8,NONE,0,NONE,0,0,0,Byte 672,None
672,RAD,BYTE672,8,NONE,0,NONE,0,0,0,Byte 673,None
673,RAD,BYTE673,8,NONE,0,NONE,0,0,0,Byte 674,None
674,RAD,BYTE674,8,NONE,0,NONE,0,0,0,Byte 675,None
675,RAD,BYTE675,8,NONE,0,NONE,0,0,0,Byte 676,None
676,RAD,BYTE676,8,NONE,0,NONE,0,0,0,Byte 677,None
677,RAD,BYTE677,8,NONE,0,NONE,0,0,0,Byte 678,None
678,RAD,BYTE678,8,NONE,0,NONE,0,0,0,Byte 679,None
679,RAD,BYTE679,8,NONE,0,NONE,0,0,0,Byte 680,None
680,RAD,BYTE680,8,NONE,0,NONE,0,0,0,Byte 681,None
681,RAD,BYTE681,8,NONE,0,NONE,0,0,0,Byte 682,None
682,RAD,BYTE682,8,NONE,0,NONE,0,0,0,Byte 683,None
683,RAD,BYTE683,8,NONE,0,NONE,0,0,0,Byte 684,None
684,RAD,BYTE684,8,NONE,0,NONE,0,0,0,Byte 685,None
685,RAD,BYTE685,8,NONE,0,NONE,0,0,0,Byte 686,None
686,RAD,BYTE686,8,NONE,0,NONE,0,0,0,Byte 687,None
687,RAD,BYTE687,8,NONE,0,NONE,0,0,0,Byte 688,None
688,RAD,BYTE688,8,NONE,0,NONE,0,0,0,Byte 689,None
689,RAD,BYTE689,8,NONE,0,NONE,0,0,0,Byte 690,None
690,RAD,BYTE690,8,NONE,0,NONE,0,0,0,Byte 691,None
691,RAD,BYTE691,8,NONE,0,NONE,0,0,0,Byte 692,None
692,RAD,BYTE692,8,NONE,0,NONE,0,0,0,Byte 693,None
693,RAD,BYTE693,8,NONE,0,NONE,0,0,0,Byte 694,None
694,RAD,BYTE694,8,NONE,0,NONE,0,0,0,Byte 695,None
695,RAD,BYTE695,8,NONE,0,NONE,0,0,0,Byte 696,None
696,RAD,BYTE696,8,NONE,0,NONE,0,0,0,Byte 697,None
697,RAD,BYTE697,8,NONE,0,NONE,0,0,0,Byte 698,None
698,RAD,BYTE698,8,NONE,0,NONE,0,0,0,Byte 699,None
699,RAD,BYTE699,8,NONE,0,NONE,0,0,0,Byte 700,None
700,RAD,BYTE700,8,NONE,0,NONE,0,0,0,Byte 701,None
701,RAD,BYTE701,8,NONE,0,NONE,0,0,0,Byte 702,None
702,RAD,BYTE702,8,NONE,0,NONE,0,0,0,Byte 703,None
703,RAD,BYTE703,8,NONE,0,NONE,0,0,0,Byte 704,None
704,RAD,BYTE704,8,NONE,0,NONE,0,0,0,Byte 705,None
705,RAD,BYTE705,8,NONE,0,NONE,0,0,0,Byte 706,None
706,RAD,BYTE706,8,NONE,0,NONE,0,0,0,Byte 707,None
707,RAD,BYTE707,8,NONE,0,NONE,0,0,0,Byte 708,None
708,RAD,BYTE708,8,NONE,0,NONE,0,0,0,Byte 709,None
709,RAD,BYTE709,8,NONE,0,NONE,0,0,0,Byte 710,None
710,RAD,BYTE710,8,NONE,0,NONE,0,0,0,Byte 711,None
711,RAD,BYTE711,8,NONE,0,NONE,0,0,0,Byte 712,None
712,RAD,BYTE712,8,NONE,0,NONE,0,0,0,Byte 713,None
713,RAD,BYTE713,8,NONE,0,NONE,0,0,0,Byte 714,None
714,RAD,BYTE714,8,NONE,0,NONE,0,0,0,Byte 715,None
715,RAD,BYTE715,8,NONE,0,NONE,0,0,0,Byte 716,None
716,RAD,BYTE716,8,NONE,0,NONE,0,0,0,Byte 717,None
717,RAD,BYTE717,8,NONE,0,NONE,0,0,0,Byte 718,None
718,RAD,BYTE718,8,NONE,0,NONE,0,0,0,Byte 719,None
719,RAD,BYTE719,8,NONE,0,NONE,0,0,0,Byte 720,None
720,RAD,BYTE720,8,NONE,0,NONE,0,0,0,Byte 721,None
721,RAD,BYTE721,8,NONE,0,NONE,0,0,0,Byte 722,None
722,RAD,BYTE722,8,NONE,0,NONE,0,0,0,Byte 723,None
723,RAD,BYTE723,8,NONE,0,NONE,0,0,0,Byte 724,None
724,RAD,BYTE724,8,NONE,0,NONE,0,0,0,Byte 725,None
725,RAD,BYTE725,8,NONE,0,NONE,0,0,0,Byte 726,None
726,RAD,BYTE726,8,NONE,0,NONE,0,0,0,Byte 727,None
727,RAD,BYTE727,8,NONE,0,NONE,0,0,0,Byte 728,None
728,RAD,BYTE728,8,NONE,0,NONE,0,0,0,Byte 729,None
729,RAD,BYTE729,8,NONE,0,NONE,0,0,0,Byte 730,None
730,RAD,BYTE730,8,NONE,0,NONE,0,0,0,Byte 731,None
731,RAD,BYTE731,8,NONE,0,NONE,0,0,0,Byte 732,None
732,RAD,BYTE732,8,NONE,0,NONE,0,0,0,Byte 733,None
733,RAD,BYTE733,8,NONE,0,NONE,0,0,0,Byte 734,None
734,RAD,BYTE734,8,NONE,0,NONE,0,0,0,Byte 735,None
735,RAD,BYTE735,8,NONE,0,NONE,0,0,0,Byte 736,None
736,RAD,BYTE736,8,NONE,0,NONE,0,0,0,Byte 737,None
737,RAD,BYTE737,8,NONE,0,NONE,0,0,0,Byte 738,None
738,RAD,BYTE738,8,NONE,0,NONE,0,0,0,Byte 739,None
739,RAD,BYTE739,8,NONE,0,NONE,0,0,0,Byte 740,None
740,RAD,BYTE740,8,NONE,0,NONE,0,0,0,Byte 741,None
741,RAD,BYTE741,8,NONE,0,NONE,0,0,0,Byte 742,None
742,RAD,BYTE742,8,NONE,0,NONE,0,0,0,Byte 743,None
743,RAD,BYTE743,8,NONE,0,NONE,0,0,0,Byte 744,None
744,RAD,BYTE744,8,NONE,0,NONE,0,0,0,Byte 745,None
745,RAD,BYTE745,8,NONE,0,NONE,0,0,0,Byte 746,None
746,RAD,BYTE746,8,NONE,0,NONE,0,0,0,Byte 747,None
747,RAD,BYTE747,8,NONE,0,NONE,0,0,0,Byte 748,None
748,RAD,BYTE748,8,NONE,0,NONE,0,0,0,Byte 749,None
749,RAD,BYTE749,8,NONE,0,NONE,0,0,0,Byte 750,None
750,RAD,BYTE750,8,NONE,0,NONE,0,0,0,Byte 751,None
751,RAD,BYTE751,8,NONE,0,NONE,0,0,0,Byte 752,None
752,RAD,BYTE752,8,NONE,0,NONE,0,0,0,Byte 753,None
753,RAD,BYTE753,8,NONE,0,NONE,0,0,0,Byte 754,None
754,RAD,BYTE754,8,NONE,0,NONE,0,0,0,Byte 755,None
755,RAD,BYTE755,8,NONE,0,NONE,0,0,0,Byte 756,None
756,RAD,BYTE756,8,NONE,0,NONE,0,0,0,Byte 757,None
757,RAD,BYTE757,8,NONE,0,NONE,0,0,0,Byte 758,None
758,RAD,BYTE758,8,NONE,0,NONE,0,0,0,Byte 759,None
759,RAD,BYTE759,8,NONE,0,NONE,0,0,0,Byte 760,None
760,RAD,BYTE760,8,NONE,0,NONE,0,0,0,Byte 761,None
761,RAD,BYTE761,8,NONE,0,NONE,0,0,0,Byte 762,None
762,RAD,BYTE762,8,NONE,0,NONE,0,0,0,Byte 763,None
763,RAD,BYTE763,8,NONE,0,NONE,0,0,0,Byte 764,None
764,RAD,BYTE764,8,NONE,0,NONE,0,0,0,Byte 765,None
765,RAD,BYTE765,8,NONE,0,NONE,0,0,0,Byte 766,None
766,RAD,BYTE766,8,NONE,0,NONE,0,0,0,Byte 767,None
767,RAD,BYTE767,8,NONE,0,NONE,0,0,0,Byte 768,None
768,RAD,BYTE768,8,NONE,0,NONE,0,0,0,Byte 769,None
769,RAD,BYTE769,8,NONE,0,NONE,0,0,0,Byte 770,None
770,RAD,BYTE770,8,NONE,0,NONE,0,0,0,Byte 771,None
771,RAD,BYTE771,8,NONE,0,NONE,0,0,0,Byte 772,None
772,RAD,BYTE772,8,NONE,0,NONE,0,0,0,Byte 773,None
773,RAD,BYTE773,8,NONE,0,NONE,0,0,0,Byte 774,None
774,RAD,BYTE774,8,NONE,0,NONE,0,0,0,Byte 775,None
775,RAD,BYTE775,8,NONE,0,NONE,0,0,0,Byte 776,None
776,RAD,BYTE776,8,NONE,0,NONE,0,0,0,Byte 777,None
777,RAD,BYTE777,8,NONE,0,NONE,0,0,0,Byte 778,None
778,RAD,BYTE778,8,NONE,0,NONE,0,0,0,Byte 779,None
779,RAD,BYTE779,8,NONE,0,NONE,0,0,0,Byte 780,None
780,RAD,BYTE780,8,NONE,0,NONE,0,0,0,Byte 781,None
781,RAD,BYTE781,8,NONE,0,NONE,0,0,0,Byte 782,None
782,RAD,BYTE782,8,NONE,0,NONE,0,0,0,Byte 783,None
783,RAD,BYTE783,8,NONE,0,NONE,0,0,0,Byte 784,None
784,RAD,BYTE784,8,NONE,0,NONE,0,0,0,Byte 785,None
785,RAD,BYTE785,8,NONE,0,NONE,0,0,0,Byte 786,None
786,RAD,BYTE786,8,NONE,0,NONE,0,0,0,Byte 787,None
787,RAD,BYTE787,8,NONE,0,NONE,0,0,0,Byte 788,None
788,RAD,BYTE788,8,NONE,0,NONE,0,0,0,Byte 789,None
789,RAD,BYTE789,8,NONE,0,NONE,0,0,0,Byte 790,None
790,RAD,BYTE790,8,NONE,0,NONE,0,0,0,Byte 791,None
791,RAD,BYTE791,8,NONE,0,NONE,0,0,0,Byte 792,None
792,RAD,BYTE792,8,NONE,0,NONE,0,0,0,Byte 793,None
793,RAD,BYTE793,8,NONE,0,NONE,0,0,0,Byte 794,None
794,RAD,BYTE794,8,NONE,0,NONE,0,0,0,Byte 795,None
795,RAD,BYTE795,8,NONE,0,NONE,0,0,0,Byte 796,None
796,RAD,BYTE796,8,NONE,0,NONE,0,0,0,Byte 797,None
797,RAD,BYTE797,8,NONE,0,NONE,0,0,0,Byte 798,None
798,RAD,BYTE798,8,NONE,0,NONE,0,0,0,Byte 799,None
799,RAD,BYTE799,8,NONE,0,NONE,0,0,0,Byte 800,None
800,RAD,BYTE800,8,NONE,0,NONE,0,0,0,Byte 801,None
801,RAD,BYTE801,8,NONE,0,NONE,0,0,0,Byte 802,None
802,RAD,BYTE802,8,NONE,0,NONE,0,0,0,Byte 803,None
803,RAD,BYTE803,8,NONE,0,NONE,0,0,0,Byte 804,None
804,RAD,BYTE804,8,NONE,0,NONE,0,0,0,Byte 805,None
805,RAD,BYTE805,8,NONE,0,NONE,0,0,0,Byte 806,None
806,RAD,BYTE806,8,NONE,0,NONE,0,0,0,Byte 807,None
807,RAD,BYTE807,8,NONE,0,NONE,0,0,0,Byte 808,None
808,RAD,BYTE808,8,NONE,0,NONE,0,0,0,Byte 809,None
809,RAD,BYTE809,8,NONE,0,NONE,0,0,0,Byte 810,None
810,RAD,BYTE810,8,NONE,0,NONE,0,0,0,Byte 811,None
811,RAD,BYTE811,8,NONE,0,NONE,0,0,0,Byte 812,None
812,RAD,BYTE812,8,NONE,0,NONE,0,0,0,Byte 813,None
813,RAD,BYTE813,8,NONE,0,NONE,0,0,0,Byte 814,None
814,RAD,BYTE814,8,NONE,0,NONE,0,0,0,Byte 815,None
815,RAD,BYTE815,8,NONE,0,NONE,0,0,0,Byte 816,None
816,RAD,BYTE816,8,NONE,0,NONE,0,0,0,Byte 817,None
817,RAD,BYTE817,8,NONE,0,NONE,0,0,0,Byte 818,None
818,RAD,BYTE818,8,NONE,0,NONE,0,0,0,Byte 819,None
819,RAD,BYTE819,8,NONE,0,NONE,0,0,0,Byte 820,None
820,RAD,BYTE820,8,NONE,0,NONE,0,0,0,Byte 821,None
821,RAD,BYTE821,8,NONE,0,NONE,0,0,0,Byte 822,None
822,RAD,BYTE822,8,NONE,0,NONE,0,0,0,Byte 823,None
823,RAD,BYTE823,8,NONE,0,NONE,0,0,0,Byte 824,None
824,RAD,BYTE824,8,NONE,0,NONE,0,0,0,Byte 825,None
825,RAD,BYTE825,8,NONE,0,NONE,0,0,0,Byte 826,None
826,RAD,BYTE826,8,NONE,0,NONE,0,0,0,Byte 827,None
827,RAD,BYTE827,8,NONE,0,NONE,0,0,0,Byte 828,None
828,RAD,BYTE828,8,NONE,0,NONE,0,0,0,Byte 829,None
829,RAD,BYTE829,8,NONE,0,NONE,0,0,0,Byte 830,None
830,RAD,BYTE830,8,NONE,0,NONE,0,0,0,Byte 831,None
831,RAD,BYTE831,8,NONE,0,NONE,0,0,0,Byte 832,None
832,RAD,BYTE832,8,NONE,0,NONE,0,0,0,Byte 833,None
833,RAD,BYTE833,8,NONE,0,NONE,0,0,0,Byte 834,None
834,RAD,BYTE834,8,NONE,0,NONE,0,0,0,Byte 835,None
835,RAD,BYTE835,8,NONE,0,NONE,0,0,0,Byte 836,None
836,RAD,BYTE836,8,NONE,0,NONE,0,0,0,Byte 837,None
837,RAD,BYTE837,8,NONE,0,NONE,0,0,0,Byte 838,None
838,RAD,BYTE838,8,NONE,0,NONE,0,0,0,Byte 839,None
839,RAD,BYTE839,8,NONE,0,NONE,0,0,0,Byte 840,None
840,RAD,BYTE840,8,NONE,0,NONE,0,0,0,Byte 841,None
841,RAD,BYTE841,8,NONE,0,NONE,0,0,0,Byte 842,None
842,RAD,BYTE842,8,NONE,0,NONE,0,0,0,Byte 843,None
843,RAD,BYTE843,8,NONE,0,NONE,0,0,0,Byte 844,None
844,RAD,BYTE844,8,NONE,0,NONE,0,0,0,Byte 845,None
845,RAD,BYTE845,8,NONE,0,NONE,0,0,0,Byte 846,None
846,RAD,BYTE846,8,NONE,0,NONE,0,0,0,Byte 847,None
847,RAD,BYTE847,8,NONE,0,NONE,0,0,0,Byte 848,None
848,RAD,BYTE848,8,NONE,0,NONE,0,0,0,Byte 849,None
849,RAD,BYTE849,8,NONE,0,NONE,0,0,0,Byte 850,None
850,RAD,BYTE850,8,NONE,0,NONE,0,0,0,Byte 851,None
851,RAD,BYTE851,8,NONE,0,NONE,0,0,0,Byte 852,None
852,RAD,BYTE852,8,NONE,0,NONE,0,0,0,Byte 853,None
853,RAD,BYTE853,8,NONE,0,NONE,0,0,0,Byte 854,None
854,RAD,BYTE854,8,NONE,0,NONE,0,0,0,Byte 855,None
855,RAD,BYTE855,8,NONE,0,NONE,0,0,0,Byte 856,None
856,RAD,BYTE856,8,NONE,0,NONE,0,0,0,Byte 857,None
857,RAD,BYTE857,8,NONE,0,NONE,0,0,0,Byte 858,None
858,RAD,BYTE858,8,NONE,0,NONE,0,0,0,Byte 859,None
859,RAD,BYTE859,8,NONE,0,NONE,0,0,0,Byte 860,None
860,RAD,BYTE860,8,NONE,0,NONE,0,0,0,Byte 861,None
861,RAD,BYTE861,8,NONE,0,NONE,0,0,0,Byte 862,None
862,RAD,BYTE862,8,NONE,0,NONE,0,0,0,Byte 863,None
863,RAD,BYTE863,8,NONE,0,NONE,0,0,0,Byte 864,None
864,RAD,BYTE864,8,NONE,0,NONE,0,0,0,Byte 865,None
865,RAD,BYTE865,8,NONE,0,NONE,0,0,0,Byte 866,None
866,RAD,BYTE866,8,NONE,0,NONE,0,0,0,Byte 867,None
867,RAD,BYTE867,8,NONE,0,NONE,0,0,0,Byte 868,None
