658,TYPE,FIELD,BITS,UNIT,CONVERSION,MODULE,MODULE_NUM,MODULE_LINE,LINE_TYPE,SHORT_NAME,DESCRIPTION
0,scilong,0,8,-,0,NONE,0,0,0,Data,Opaque CAN data from host experiment
1,scilong,1,8,-,0,NONE,0,0,0,Data,Opaque CAN data from host experiment
2,scilong,2,8,-,0,NONE,0,0,0,Data,Opaque CAN data from host experiment
3,scilong,3,8,-,0,NONE,0,0,0,Data,Opaque CAN data from host experiment
4,scilong,4,8,-,0,NONE,0,0,0,Data,Opaque CAN data from host experiment
5,scilong,5,8,-,0,NONE,0,0,0,Data,Opaque CAN data from host experiment
6,scilong,6,8,-,0,NONE,0,0,0,Data,Opaque CAN data from host experiment
7,scilong,7,8,-,0,NONE,0,0,0,Data,Opaque CAN data from host experiment
8,scilong,8,8,-,0,NONE,0,0,0,Data,Opaque CAN data from host experiment
9,scilong,9,8,-,0,NONE,0,0,0,Data,Opaque CAN data from host experiment
10,scilong,10,8,-,0,NONE,0,0,0,Data,Opaque CAN data from host experiment
11,scilong,11,8,-,0,NONE,0,0,0,Data,Opaque CAN data from host experiment
12,scilong,12,8,-,0,NONE,0,0,0,Data,Opaque CAN data from host experiment
13,scilong,13,8,-,0,NONE,0,0,0,Data,Opaque CAN data from host experiment
14,scilong,14,8,-,0,NONE,0,0,0,Data,Opaque CAN data from host experiment
15,scilong,15,8,-,0,NONE,0,0,0,Data,Opaque CAN data from host experiment
16,scilong,16,8,-,0,NONE,0,0,0,Data,Opaque CAN data from host experiment
17,scilong,17,8,-,0,NONE,0,0,0,Data,Opaque CAN data from host experiment
18,scilong,18,8,-,0,NONE,0,0,0,Data,Opaque CAN data from host experiment
19,scilong,19,8,-,0,NONE,0,0,0,Data,Opaque CAN data from host experiment
20,scilong,20,8,-,0,NONE,0,0,0,Data,Opaque CAN data from host experiment
21,scilong,21,8,-,0,NONE,0,0,0,Data,Opaque CAN data from host experiment
22,scilong,22,8,-,0,NONE,0,0,0,Data,Opaque CAN data from host experiment
23,scilong,23,8,-,0,NONE,0,0,0,Data,Opaque CAN data from host experiment
24,scilong,24,8,-,0,NONE,0,0,0,Data,Opaque CAN data from host experiment
25,scilong,25,8,-,0,NONE,0,0,0,Data,Opaque CAN data from host experiment
26,scilong,26,8,-,0,NONE,0,0,0,Data,Opaque CAN data from host experiment
27,scilong,27,8,-,0,NONE,0,0,0,Data,Opaque CAN data from host experiment
28,scilong,28,8,-,0,NONE,0,0,0,Data,Opaque CAN data from host experiment
29,scilong,29,8,-,0,NONE,0,0,0,Data,Opaque CAN data from host experiment
30,scilong,30,8,-,0,NONE,0,0,0,Data,Opaque CAN data from host experiment
31,scilong,31,8,-,0,NONE,0,0,0,Data,Opaque CAN data from host experiment
32,scilong,32,8,-,0,NONE,0,0,0,Data,Opaque CAN data from host experiment
33,scilong,33,8,-,0,NONE,0,0,0,Data,Opaque CAN data from host experiment
34,scilong,34,8,-,0,NONE,0,0,0,Data,Opaque CAN data from host experiment
35,scilong,35,8,-,0,NONE,0,0,0,Data,Opaque CAN data from host experiment
36,scilong,36,8,-,0,NONE,0,0,0,Data,Opaque CAN data from host experiment
37,scilong,37,8,-,0,NONE,0,0,0,Data,Opaque CAN data from host experiment
38,scilong,38,8,-,0,NONE,0,0,0,Data,Opaque CAN data from host experiment
39,scilong,39,8,-,0,NONE,0,0,0,Data,Opaque CAN data from host experiment
40,scilong,40,8,-,0,NONE,0,0,0,Data,Opaque CAN data from host experiment
41,scilong,41,8,-,0,NONE,0,0,0,Data,Opaque CAN data from host experiment
42,scilong,42,8,-,0,NONE,0,0,0,Data,Opaque CAN data from host experiment
43,scilong,43,8,-,0,NONE,0,0,0,Data,Opaque CAN data from host experiment
44,scilong,44,8,-,0,NONE,0,0,0,Data,Opaque CAN data from host experiment
45,scilong,45,8,-,0,NONE,0,0,0,Data,Opaque CAN data from host experiment
46,scilong,46,8,-,0,NONE,0,0,0,Data,Opaque CAN data from host experiment
47,scilong,47,8,-,0,NONE,0,0,0,Data,Opaque CAN data from host experiment
48,scilong,48,8,-,0,NONE,0,0,0,Data,Opaque CAN data from host experiment
49,scilong,49,8,-,0,NONE,0,0,0,Data,Opaque CAN data from host experiment
50,scilong,50,8,-,0,NONE,0,0,0,Data,Opaque CAN data from host experiment
51,scilong,51,8,-,0,NONE,0,0,0,Data,Opaque CAN data from host experiment
52,scilong,52,8,-,0,NONE,0,0,0,Data,Opaque CAN data from host experiment
53,scilong,53,8,-,0,NONE,0,0,0,Data,Opaque CAN data from host experiment
54,scilong,54,8,-,0,NONE,0,0,0,Data,Opaque CAN data from host experiment
55,scilong,55,8,-,0,NONE,0,0,0,Data,Opaque CAN data from host experiment
56,scilong,56,8,-,0,NONE,0,0,0,Data,Opaque CAN data from host experiment
57,scilong,57,8,-,0,NONE,0,0,0,Data,Opaque CAN data from host experiment
58,scilong,58,8,-,0,NONE,0,0,0,Data,Opaque CAN data from host experiment
59,scilong,59,8,-,0,NONE,0,0,0,Data,Opaque CAN data from host experiment
60,scilong,60,8,-,0,NONE,0,0,0,Data,Opaque CAN data from host experiment
61,scilong,61,8,-,0,NONE,0,0,0,Data,Opaque CAN data from host experiment
62,scilong,62,8,-,0,NONE,0,0,0,Data,Opaque CAN data from host experiment
63,scilong,63,8,-,0,NONE,0,0,0,Data,Opaque CAN data from host experiment
64,scilong,64,8,-,0,NONE,0,0,0,Data,Opaque CAN data from host experiment
65,scilong,65,8,-,0,NONE,0,0,0,Data,Opaque CAN data from host experiment
66,scilong,66,8,-,0,NONE,0,0,0,Data,Opaque CAN data from host experiment
67,scilong,67,8,-,0,NONE,0,0,0,Data,Opaque CAN data from host experiment
68,scilong,68,8,-,0,NONE,0,0,0,Data,Opaque CAN data from host experiment
69,scilong,69,8,-,0,NONE,0,0,0,Data,Opaque CAN data from host experiment
70,scilong,70,8,-,0,NONE,0,0,0,Data,Opaque CAN data from host experiment
71,scilong,71,8,-,0,NONE,0,0,0,Data,Opaque CAN data from host experiment
72,scilong,72,8,-,0,NONE,0,0,0,Data,Opaque CAN data from host experiment
73,scilong,73,8,-,0,NONE,0,0,0,Data,Opaque CAN data from host experiment
74,scilong,74,8,-,0,NONE,0,0,0,Data,Opaque CAN data from host experiment
75,scilong,75,8,-,0,NONE,0,0,0,Data,Opaque CAN data from host experiment
76,scilong,76,8,-,0,NONE,0,0,0,Data,Opaque CAN data from host experiment
77,scilong,77,8,-,0,NONE,0,0,0,Data,Opaque CAN data from host experiment
78,scilong,78,8,-,0,NONE,0,0,0,Data,Opaque CAN data from host experiment
79,scilong,79,8,-,0,NONE,0,0,0,Data,Opaque CAN data from host experiment
80,scilong,80,8,-,0,NONE,0,0,0,Data,Opaque CAN data from host experiment
81,scilong,81,8,-,0,NONE,0,0,0,Data,Opaque CAN data from host experiment
82,scilong,82,8,-,0,NONE,0,0,0,Data,Opaque CAN data from host experiment
83,scilong,83,8,-,0,NONE,0,0,0,Data,Opaque CAN data from host experiment
84,scilong,84,8,-,0,NONE,0,0,0,Data,Opaque CAN data from host experiment
85,scilong,85,8,-,0,NONE,0,0,0,Data,Opaque CAN data from host experiment
86,scilong,86,8,-,0,NONE,0,0,0,Data,Opaque CAN data from host experiment
87,scilong,87,8,-,0,NONE,0,0,0,Data,Opaque CAN data from host experiment
88,scilong,88,8,-,0,NONE,0,0,0,Data,Opaque CAN data from host experiment
89,scilong,89,8,-,0,NONE,0,0,0,Data,Opaque CAN data from host experiment
90,scilong,90,8,-,0,NONE,0,0,0,Data,Opaque CAN data from host experiment
91,scilong,91,8,-,0,NONE,0,0,0,Data,Opaque CAN data from host experiment
92,scilong,92,8,-,0,NONE,0,0,0,Data,Opaque CAN data from host experiment
93,scilong,93,8,-,0,NONE,0,0,0,Data,Opaque CAN data from host experiment
94,scilong,94,8,-,0,NONE,0,0,0,Data,Opaque CAN data from host experiment
95,scilong,95,8,-,0,NONE,0,0,0,Data,Opaque CAN data from host experiment
96,scilong,96,8,-,0,NONE,0,0,0,Data,Opaque CAN data from host experiment
97,scilong,97,8,-,0,NONE,0,0,0,Data,Opaque CAN data from host experiment
98,scilong,98,8,-,0,NONE,0,0,0,Data,Opaque CAN data from host experiment
99,scilong,99,8,-,0,NONE,0,0,0,Data,Opaque CAN data from host experiment
100,scilong,100,8,-,0,NONE,0,0,0,Data,Opaque CAN data from host experiment
101,scilong,101,8,-,0,NONE,0,0,0,Data,Opaque CAN data from host experiment
102,scilong,102,8,-,0,NONE,0,0,0,Data,Opaque CAN data from host experiment
103,scilong,103,8,-,0,NONE,0,0,0,Data,Opaque CAN data from host experiment
104,scilong,104,8,-,0,NONE,0,0,0,Data,Opaque CAN data from host experiment
105,scilong,105,8,-,0,NONE,0,0,0,Data,Opaque CAN data from host experiment
106,scilong,106,8,-,0,NONE,0,0,0,Data,Opaque CAN data from host experiment
107,scilong,107,8,-,0,NONE,0,0,0,Data,Opaque CAN data from host experiment
108,scilong,108,8,-,0,NONE,0,0,0,Data,Opaque CAN data from host experiment
109,scilong,109,8,-,0,NONE,0,0,0,Data,Opaque CAN data from host experiment
110,scilong,110,8,-,0,NONE,0,0,0,Data,Opaque CAN data from host experiment
111,scilong,111,8,-,0,NONE,0,0,0,Data,Opaque CAN data from host experiment
112,scilong,112,8,-,0,NONE,0,0,0,Data,Opaque CAN data from host experiment
113,scilong,113,8,-,0,NONE,0,0,0,Data,Opaque CAN data from host experiment
114,scilong,114,8,-,0,NONE,0,0,0,Data,Opaque CAN data from host experiment
115,scilong,115,8,-,0,NONE,0,0,0,Data,Opaque CAN data from host experiment
116,scilong,116,8,-,0,NONE,0,0,0,Data,Opaque CAN data from host experiment
117,scilong,117,8,-,0,NONE,0,0,0,Data,Opaque CAN data from host experiment
118,scilong,118,8,-,0,NONE,0,0,0,Data,Opaque CAN data from host experiment
119,scilong,119,8,-,0,NONE,0,0,0,Data,Opaque CAN data from host experiment
120,scilong,120,8,-,0,NONE,0,0,0,Data,Opaque CAN data from host experiment
121,scilong,121,8,-,0,NONE,0,0,0,Data,Opaque CAN data from host experiment
122,scilong,122,8,-,0,NONE,0,0,0,Data,Opaque CAN data from host experiment
123,scilong,123,8,-,0,NONE,0,0,0,Data,Opaque CAN data from host experiment
124,scilong,124,8,-,0,NONE,0,0,0,Data,Opaque CAN data from host experiment
125,scilong,125,8,-,0,NONE,0,0,0,Data,Opaque CAN data from host experiment
126,scilong,126,8,-,0,NONE,0,0,0,Data,Opaque CAN data from host experiment
127,scilong,127,8,-,0,NONE,0,0,0,Data,Opaque CAN data from host experiment
128,scilong,128,8,-,0,NONE,0,0,0,Data,Opaque CAN data from host experiment
129,scilong,129,8,-,0,NONE,0,0,0,Data,Opaque CAN data from host experiment
130,scilong,130,8,-,0,NONE,0,0,0,Data,Opaque CAN data from host experiment
131,scilong,131,8,-,0,NONE,0,0,0,Data,Opaque CAN data from host experiment
132,scilong,132,8,-,0,NONE,0,0,0,Data,Opaque CAN data from host experiment
133,scilong,133,8,-,0,NONE,0,0,0,Data,Opaque CAN data from host experiment
134,scilong,134,8,-,0,NONE,0,0,0,Data,Opaque CAN data from host experiment
135,scilong,135,8,-,0,NONE,0,0,0,Data,Opaque CAN data from host experiment
136,scilong,136,8,-,0,NONE,0,0,0,Data,Opaque CAN data from host experiment
137,scilong,137,8,-,0,NONE,0,0,0,Data,Opaque CAN data from host experiment
138,scilong,138,8,-,0,NONE,0,0,0,Data,Opaque CAN data from host experiment
139,scilong,139,8,-,0,NONE,0,0,0,Data,Opaque CAN data from host experiment
140,scilong,140,8,-,0,NONE,0,0,0,Data,Opaque CAN data from host experiment
141,scilong,141,8,-,0,NONE,0,0,0,Data,Opaque CAN data from host experiment
142,scilong,142,8,-,0,NONE,0,0,0,Data,Opaque CAN data from host experiment
143,scilong,143,8,-,0,NONE,0,0,0,Data,Opaque CAN data from host experiment
144,scilong,144,8,-,0,NONE,0,0,0,Data,Opaque CAN data from host experiment
145,scilong,145,8,-,0,NONE,0,0,0,Data,Opaque CAN data from host experiment
146,scilong,146,8,-,0,NONE,0,0,0,Data,Opaque CAN data from host experiment
147,scilong,147,8,-,0,NONE,0,0,0,Data,Opaque CAN data from host experiment
148,scilong,148,8,-,0,NONE,0,0,0,Data,Opaque CAN data from host experiment
149,scilong,149,8,-,0,NONE,0,0,0,Data,Opaque CAN data from host experiment
150,scilong,150,8,-,0,NONE,0,0,0,Data,Opaque CAN data from host experiment
151,scilong,151,8,-,0,NONE,0,0,0,Data,Opaque CAN data from host experiment
152,scilong,152,8,-,0,NONE,0,0,0,Data,Opaque CAN data from host experiment
153,scilong,153,8,-,0,NONE,0,0,0,Data,Opaque CAN data from host experiment
154,scilong,154,8,-,0,NONE,0,0,0,Data,Opaque CAN data from host experiment
155,scilong,155,8,-,0,NONE,0,0,0,Data,Opaque CAN data from host experiment
156,scilong,156,8,-,0,NONE,0,0,0,Data,Opaque CAN data from host experiment
157,scilong,157,8,-,0,NONE,0,0,0,Data,Opaque CAN data from host experiment
158,scilong,158,8,-,0,NONE,0,0,0,Data,Opaque CAN data from host experiment
159,scilong,159,8,-,0,NONE,0,0,0,Data,Opaque CAN data from host experiment
160,scilong,160,8,-,0,NONE,0,0,0,Data,Opaque CAN data from host experiment
161,scilong,161,8,-,0,NONE,0,0,0,Data,Opaque CAN data from host experiment
162,scilong,162,8,-,0,NONE,0,0,0,Data,Opaque CAN data from host experiment
163,scilong,163,8,-,0,NONE,0,0,0,Data,Opaque CAN data from host experiment
164,scilong,164,8,-,0,NONE,0,0,0,Data,Opaque CAN data from host experiment
165,scilong,165,8,-,0,NONE,0,0,0,Data,Opaque CAN data from host experiment
166,scilong,166,8,-,0,NONE,0,0,0,Data,Opaque CAN data from host experiment
167,scilong,167,8,-,0,NONE,0,0,0,Data,Opaque CAN data from host experiment
168,scilong,168,8,-,0,NONE,0,0,0,Data,Opaque CAN data from host experiment
169,scilong,169,8,-,0,NONE,0,0,0,Data,Opaque CAN data from host experiment
170,scilong,170,8,-,0,NONE,0,0,0,Data,Opaque CAN data from host experiment
171,scilong,171,8,-,0,NONE,0,0,0,Data,Opaque CAN data from host experiment
172,scilong,172,8,-,0,NONE,0,0,0,Data,Opaque CAN data from host experiment
173,scilong,173,8,-,0,NONE,0,0,0,Data,Opaque CAN data from host experiment
174,scilong,174,8,-,0,NONE,0,0,0,Data,Opaque CAN data from host experiment
175,scilong,175,8,-,0,NONE,0,0,0,Data,Opaque CAN data from host experiment
176,scilong,176,8,-,0,NONE,0,0,0,Data,Opaque CAN data from host experiment
177,scilong,177,8,-,0,NONE,0,0,0,Data,Opaque CAN data from host experiment
178,scilong,178,8,-,0,NONE,0,0,0,Data,Opaque CAN data from host experiment
179,scilong,179,8,-,0,NONE,0,0,0,Data,Opaque CAN data from host experiment
180,scilong,180,8,-,0,NONE,0,0,0,Data,Opaque CAN data from host experiment
181,scilong,181,8,-,0,NONE,0,0,0,Data,Opaque CAN data from host experiment
182,scilong,182,8,-,0,NONE,0,0,0,Data,Opaque CAN data from host experiment
183,scilong,183,8,-,0,NONE,0,0,0,Data,Opaque CAN data from host experiment
184,scilong,184,8,-,0,NONE,0,0,0,Data,Opaque CAN data from host experiment
185,scilong,185,8,-,0,NONE,0,0,0,Data,Opaque CAN data from host experiment
186,scilong,186,8,-,0,NONE,0,0,0,Data,Opaque CAN data from host experiment
187,scilong,187,8,-,0,NONE,0,0,0,Data,Opaque CAN data from host experiment
188,scilong,188,8,-,0,NONE,0,0,0,Data,Opaque CAN data from host experiment
189,scilong,189,8,-,0,NONE,0,0,0,Data,Opaque CAN data from host experiment
190,scilong,190,8,-,0,NONE,0,0,0,Data,Opaque CAN data from host experiment
191,scilong,191,8,-,0,NONE,0,0,0,Data,Opaque CAN data from host experiment
192,scilong,192,8,-,0,NONE,0,0,0,Data,Opaque CAN data from host experiment
193,scilong,193,8,-,0,NONE,0,0,0,Data,Opaque CAN data from host experiment
194,scilong,194,8,-,0,NONE,0,0,0,Data,Opaque CAN data from host experiment
195,scilong,195,8,-,0,NONE,0,0,0,Data,Opaque CAN data from host experiment
196,scilong,196,8,-,0,NONE,0,0,0,Data,Opaque CAN data from host experiment
197,scilong,197,8,-,0,NONE,0,0,0,Data,Opaque CAN data from host experiment
198,scilong,198,8,-,0,NONE,0,0,0,Data,Opaque CAN data from host experiment
199,scilong,199,8,-,0,NONE,0,0,0,Data,Opaque CAN data from host experiment
200,scilong,200,8,-,0,NONE,0,0,0,Data,Opaque CAN data from host experiment
201,scilong,201,8,-,0,NONE,0,0,0,Data,Opaque CAN data from host experiment
202,scilong,202,8,-,0,NONE,0,0,0,Data,Opaque CAN data from host experiment
203,scilong,203,8,-,0,NONE,0,0,0,Data,Opaque CAN data from host experiment
204,scilong,204,8,-,0,NONE,0,0,0,Data,Opaque CAN data from host experiment
205,scilong,205,8,-,0,NONE,0,0,0,Data,Opaque CAN data from host experiment
206,scilong,206,8,-,0,NONE,0,0,0,Data,Opaque CAN data from host experiment
207,scilong,207,8,-,0,NONE,0,0,0,Data,Opaque CAN data from host experiment
208,scilong,208,8,-,0,NONE,0,0,0,Data,Opaque CAN data from host experiment
209,scilong,209,8,-,0,NONE,0,0,0,Data,Opaque CAN data from host experiment
210,scilong,210,8,-,0,NONE,0,0,0,Data,Opaque CAN data from host experiment
211,scilong,211,8,-,0,NONE,0,0,0,Data,Opaque CAN data from host experiment
212,scilong,212,8,-,0,NONE,0,0,0,Data,Opaque CAN data from host experiment
213,scilong,213,8,-,0,NONE,0,0,0,Data,Opaque CAN data from host experiment
214,scilong,214,8,-,0,NONE,0,0,0,Data,Opaque CAN data from host experiment
215,scilong,215,8,-,0,NONE,0,0,0,Data,Opaque CAN data from host experiment
216,scilong,216,8,-,0,NONE,0,0,0,Data,Opaque CAN data from host experiment
217,scilong,217,8,-,0,NONE,0,0,0,Data,Opaque CAN data from host experiment
218,scilong,218,8,-,0,NONE,0,0,0,Data,Opaque CAN data from host experiment
219,scilong,219,8,-,0,NONE,0,0,0,Data,Opaque CAN data from host experiment
220,scilong,220,8,-,0,NONE,0,0,0,Data,Opaque CAN data from host experiment
221,scilong,221,8,-,0,NONE,0,0,0,Data,Opaque CAN data from host experiment
222,scilong,222,8,-,0,NONE,0,0,0,Data,Opaque CAN data from host experiment
223,scilong,223,8,-,0,NONE,0,0,0,Data,Opaque CAN data from host experiment
224,scilong,224,8,-,0,NONE,0,0,0,Data,Opaque CAN data from host experiment
225,scilong,225,8,-,0,NONE,0,0,0,Data,Opaque CAN data from host experiment
226,scilong,226,8,-,0,NONE,0,0,0,Data,Opaque CAN data from host experiment
227,scilong,227,8,-,0,NONE,0,0,0,Data,Opaque CAN data from host experiment
228,scilong,228,8,-,0,NONE,0,0,0,Data,Opaque CAN data from host experiment
229,scilong,229,8,-,0,NONE,0,0,0,Data,Opaque CAN data from host experiment
230,scilong,230,8,-,0,NONE,0,0,0,Data,Opaque CAN data from host experiment
231,scilong,231,8,-,0,NONE,0,0,0,Data,Opaque CAN data from host experiment
232,scilong,232,8,-,0,NONE,0,0,0,Data,Opaque CAN data from host experiment
233,scilong,233,8,-,0,NONE,0,0,0,Data,Opaque CAN data from host experiment
234,scilong,234,8,-,0,NONE,0,0,0,Data,Opaque CAN data from host experiment
235,scilong,235,8,-,0,NONE,0,0,0,Data,Opaque CAN data from host experiment
236,scilong,236,8,-,0,NONE,0,0,0,Data,Opaque CAN data from host experiment
237,scilong,237,8,-,0,NONE,0,0,0,Data,Opaque CAN data from host experiment
238,scilong,238,8,-,0,NONE,0,0,0,Data,Opaque CAN data from host experiment
239,scilong,239,8,-,0,NONE,0,0,0,Data,Opaque CAN data from host experiment
240,scilong,240,8,-,0,NONE,0,0,0,Data,Opaque CAN data from host experiment
241,scilong,241,8,-,0,NONE,0,0,0,Data,Opaque CAN data from host experiment
242,scilong,242,8,-,0,NONE,0,0,0,Data,Opaque CAN data from host experiment
243,scilong,243,8,-,0,NONE,0,0,0,Data,Opaque CAN data from host experiment
244,scilong,244,8,-,0,NONE,0,0,0,Data,Opaque CAN data from host experiment
245,scilong,245,8,-,0,NONE,0,0,0,Data,Opaque CAN data from host experiment
246,scilong,246,8,-,0,NONE,0,0,0,Data,Opaque CAN data from host experiment
247,scilong,247,8,-,0,NONE,0,0,0,Data,Opaque CAN data from host experiment
248,scilong,248,8,-,0,NONE,0,0,0,Data,Opaque CAN data from host experiment
249,scilong,249,8,-,0,NONE,0,0,0,Data,Opaque CAN data from host experiment
250,scilong,250,8,-,0,NONE,0,0,0,Data,Opaque CAN data from host experiment
251,scilong,251,8,-,0,NONE,0,0,0,Data,Opaque CAN data from host experiment
252,scilong,252,8,-,0,NONE,0,0,0,Data,Opaque CAN data from host experiment
253,scilong,253,8,-,0,NONE,0,0,0,Data,Opaque CAN data from host experiment
254,scilong,254,8,-,0,NONE,0,0,0,Data,Opaque CAN data from host experiment
255,scilong,255,8,-,0,NONE,0,0,0,Data,Opaque CAN data from host experiment
256,scilong,256,8,-,0,NONE,0,0,0,Data,Opaque CAN data from host experiment
257,scilong,257,8,-,0,NONE,0,0,0,Data,Opaque CAN data from host experiment
258,scilong,258,8,-,0,NONE,0,0,0,Data,Opaque CAN data from host experiment
259,scilong,259,8,-,0,NONE,0,0,0,Data,Opaque CAN data from host experiment
260,scilong,260,8,-,0,NONE,0,0,0,Data,Opaque CAN data from host experiment
261,scilong,261,8,-,0,NONE,0,0,0,Data,Opaque CAN data from host experiment
262,scilong,262,8,-,0,NONE,0,0,0,Data,Opaque CAN data from host experiment
263,scilong,263,8,-,0,NONE,0,0,0,Data,Opaque CAN data from host experiment
264,scilong,264,8,-,0,NONE,0,0,0,Data,Opaque CAN data from host experiment
265,scilong,265,8,-,0,NONE,0,0,0,Data,Opaque CAN data from host experiment
266,scilong,266,8,-,0,NONE,0,0,0,Data,Opaque CAN data from host experiment
267,scilong,267,8,-,0,NONE,0,0,0,Data,Opaque CAN data from host experiment
268,scilong,268,8,-,0,NONE,0,0,0,Data,Opaque CAN data from host experiment
269,scilong,269,8,-,0,NONE,0,0,0,Data,Opaque CAN data from host experiment
270,scilong,270,8,-,0,NONE,0,0,0,Data,Opaque CAN data from host experiment
271,scilong,271,8,-,0,NONE,0,0,0,Data,Opaque CAN data from host experiment
272,scilong,272,8,-,0,NONE,0,0,0,Data,Opaque CAN data from host experiment
273,scilong,273,8,-,0,NONE,0,0,0,Data,Opaque CAN data from host experiment
274,scilong,274,8,-,0,NONE,0,0,0,Data,Opaque CAN data from host experiment
275,scilong,275,8,-,0,NONE,0,0,0,Data,Opaque CAN data from host experiment
276,scilong,276,8,-,0,NONE,0,0,0,Data,Opaque CAN data from host experiment
277,scilong,277,8,-,0,NONE,0,0,0,Data,Opaque CAN data from host experiment
278,scilong,278,8,-,0,NONE,0,0,0,Data,Opaque CAN data from host experiment
279,scilong,279,8,-,0,NONE,0,0,0,Data,Opaque CAN data from host experiment
280,scilong,280,8,-,0,NONE,0,0,0,Data,Opaque CAN data from host experiment
281,scilong,281,8,-,0,NONE,0,0,0,Data,Opaque CAN data from host experiment
282,scilong,282,8,-,0,NONE,0,0,0,Data,Opaque CAN data from host experiment
283,scilong,283,8,-,0,NONE,0,0,0,Data,Opaque CAN data from host experiment
284,scilong,284,8,-,0,NONE,0,0,0,Data,Opaque CAN data from host experiment
285,scilong,285,8,-,0,NONE,0,0,0,Data,Opaque CAN data from host experiment
286,scilong,286,8,-,0,NONE,0,0,0,Data,Opaque CAN data from host experiment
287,scilong,287,8,-,0,NONE,0,0,0,Data,Opaque CAN data from host experiment
288,scilong,288,8,-,0,NONE,0,0,0,Data,Opaque CAN data from host experiment
289,scilong,289,8,-,0,NONE,0,0,0,Data,Opaque CAN data from host experiment
290,scilong,290,8,-,0,NONE,0,0,0,Data,Opaque CAN data from host experiment
291,scilong,291,8,-,0,NONE,0,0,0,Data,Opaque CAN data from host experiment
292,scilong,292,8,-,0,NONE,0,0,0,Data,Opaque CAN data from host experiment
293,scilong,293,8,-,0,NONE,0,0,0,Data,Opaque CAN data from host experiment
294,scilong,294,8,-,0,NONE,0,0,0,Data,Opaque CAN data from host experiment
295,scilong,295,8,-,0,NONE,0,0,0,Data,Opaque CAN data from host experiment
296,scilong,296,8,-,0,NONE,0,0,0,Data,Opaque CAN data from host experiment
297,scilong,297,8,-,0,NONE,0,0,0,Data,Opaque CAN data from host experiment
298,scilong,298,8,-,0,NONE,0,0,0,Data,Opaque CAN data from host experiment
299,scilong,299,8,-,0,NONE,0,0,0,Data,Opaque CAN data from host experiment
300,scilong,300,8,-,0,NONE,0,0,0,Data,Opaque CAN data from host experiment
301,scilong,301,8,-,0,NONE,0,0,0,Data,Opaque CAN data from host experiment
302,scilong,302,8,-,0,NONE,0,0,0,Data,Opaque CAN data from host experiment
303,scilong,303,8,-,0,NONE,0,0,0,Data,Opaque CAN data from host experiment
304,scilong,304,8,-,0,NONE,0,0,0,Data,Opaque CAN data from host experiment
305,scilong,305,8,-,0,NONE,0,0,0,Data,Opaque CAN data from host experiment
306,scilong,306,8,-,0,NONE,0,0,0,Data,Opaque CAN data from host experiment
307,scilong,307,8,-,0,NONE,0,0,0,Data,Opaque CAN data from host experiment
308,scilong,308,8,-,0,NONE,0,0,0,Data,Opaque CAN data from host experiment
309,scilong,309,8,-,0,NONE,0,0,0,Data,Opaque CAN data from host experiment
310,scilong,310,8,-,0,NONE,0,0,0,Data,Opaque CAN data from host experiment
311,scilong,311,8,-,0,NONE,0,0,0,Data,Opaque CAN data from host experiment
312,scilong,312,8,-,0,NONE,0,0,0,Data,Opaque CAN data from host experiment
313,scilong,313,8,-,0,NONE,0,0,0,Data,Opaque CAN data from host experiment
314,scilong,314,8,-,0,NONE,0,0,0,Data,Opaque CAN data from host experiment
315,scilong,315,8,-,0,NONE,0,0,0,Data,Opaque CAN data from host experiment
316,scilong,316,8,-,0,NONE,0,0,0,Data,Opaque CAN data from host experiment
317,scilong,317,8,-,0,NONE,0,0,0,Data,Opaque CAN data from host experiment
318,scilong,318,8,-,0,NONE,0,0,0,Data,Opaque CAN data from host experiment
319,scilong,319,8,-,0,NONE,0,0,0,Data,Opaque CAN data from host experiment
320,scilong,320,8,-,0,NONE,0,0,0,Data,Opaque CAN data from host experiment
321,scilong,321,8,-,0,NONE,0,0,0,Data,Opaque CAN data from host experiment
322,scilong,322,8,-,0,NONE,0,0,0,Data,Opaque CAN data from host experiment
323,scilong,323,8,-,0,NONE,0,0,0,Data,Opaque CAN data from host experiment
324,scilong,324,8,-,0,NONE,0,0,0,Data,Opaque CAN data from host experiment
325,scilong,325,8,-,0,NONE,0,0,0,Data,Opaque CAN data from host experiment
326,scilong,326,8,-,0,NONE,0,0,0,Data,Opaque CAN data from host experiment
327,scilong,327,8,-,0,NONE,0,0,0,Data,Opaque CAN data from host experiment
328,scilong,328,8,-,0,NONE,0,0,0,Data,Opaque CAN data from host experiment
329,scilong,329,8,-,0,NONE,0,0,0,Data,Opaque CAN data from host experiment
330,scilong,330,8,-,0,NONE,0,0,0,Data,Opaque CAN data from host experiment
331,scilong,331,8,-,0,NONE,0,0,0,Data,Opaque CAN data from host experiment
332,scilong,332,8,-,0,NONE,0,0,0,Data,Opaque CAN data from host experiment
333,scilong,333,8,-,0,NONE,0,0,0,Data,Opaque CAN data from host experiment
334,scilong,334,8,-,0,NONE,0,0,0,Data,Opaque CAN data from host experiment
335,scilong,335,8,-,0,NONE,0,0,0,Data,Opaque CAN data from host experiment
336,scilong,336,8,-,0,NONE,0,0,0,Data,Opaque CAN data from host experiment
337,scilong,337,8,-,0,NONE,0,0,0,Data,Opaque CAN data from host experiment
338,scilong,338,8,-,0,NONE,0,0,0,Data,Opaque CAN data from host experiment
339,scilong,339,8,-,0,NONE,0,0,0,Data,Opaque CAN data from host experiment
340,scilong,340,8,-,0,NONE,0,0,0,Data,Opaque CAN data from host experiment
341,scilong,341,8,-,0,NONE,0,0,0,Data,Opaque CAN data from host experiment
342,scilong,342,8,-,0,NONE,0,0,0,Data,Opaque CAN data from host experiment
343,scilong,343,8,-,0,NONE,0,0,0,Data,Opaque CAN data from host experiment
344,scilong,344,8,-,0,NONE,0,0,0,Data,Opaque CAN data from host experiment
345,scilong,345,8,-,0,NONE,0,0,0,Data,Opaque CAN data from host experiment
346,scilong,346,8,-,0,NONE,0,0,0,Data,Opaque CAN data from host experiment
347,scilong,347,8,-,0,NONE,0,0,0,Data,Opaque CAN data from host experiment
348,scilong,348,8,-,0,NONE,0,0,0,Data,Opaque CAN data from host experiment
349,scilong,349,8,-,0,NONE,0,0,0,Data,Opaque CAN data from host experiment
350,scilong,350,8,-,0,NONE,0,0,0,Data,Opaque CAN data from host experiment
351,scilong,351,8,-,0,NONE,0,0,0,Data,Opaque CAN data from host experiment
352,scilong,352,8,-,0,NONE,0,0,0,Data,Opaque CAN data from host experiment
353,scilong,353,8,-,0,NONE,0,0,0,Data,Opaque CAN data from host experiment
354,scilong,354,8,-,0,NONE,0,0,0,Data,Opaque CAN data from host experiment
355,scilong,355,8,-,0,NONE,0,0,0,Data,Opaque CAN data from host experiment
356,scilong,356,8,-,0,NONE,0,0,0,Data,Opaque CAN data from host experiment
357,scilong,357,8,-,0,NONE,0,0,0,Data,Opaque CAN data from host experiment
358,scilong,358,8,-,0,NONE,0,0,0,Data,Opaque CAN data from host experiment
359,scilong,359,8,-,0,NONE,0,0,0,Data,Opaque CAN data from host experiment
360,scilong,360,8,-,0,NONE,0,0,0,Data,Opaque CAN data from host experiment
361,scilong,361,8,-,0,NONE,0,0,0,Data,Opaque CAN data from host experiment
362,scilong,362,8,-,0,NONE,0,0,0,Data,Opaque CAN data from host experiment
363,scilong,363,8,-,0,NONE,0,0,0,Data,Opaque CAN data from host experiment
364,scilong,364,8,-,0,NONE,0,0,0,Data,Opaque CAN data from host experiment
365,scilong,365,8,-,0,NONE,0,0,0,Data,Opaque CAN data from host experiment
366,scilong,366,8,-,0,NONE,0,0,0,Data,Opaque CAN data from host experiment
367,scilong,367,8,-,0,NONE,0,0,0,Data,Opaque CAN data from host experiment
368,scilong,368,8,-,0,NONE,0,0,0,Data,Opaque CAN data from host experiment
369,scilong,369,8,-,0,NONE,0,0,0,Data,Opaque CAN data from host experiment
370,scilong,370,8,-,0,NONE,0,0,0,Data,Opaque CAN data from host experiment
371,scilong,371,8,-,0,NONE,0,0,0,Data,Opaque CAN data from host experiment
372,scilong,372,8,-,0,NONE,0,0,0,Data,Opaque CAN data from host experiment
373,scilong,373,8,-,0,NONE,0,0,0,Data,Opaque CAN data from host experiment
374,scilong,374,8,-,0,NONE,0,0,0,Data,Opaque CAN data from host experiment
375,scilong,375,8,-,0,NONE,0,0,0,Data,Opaque CAN data from host experiment
376,scilong,376,8,-,0,NONE,0,0,0,Data,Opaque CAN data from host experiment
377,scilong,377,8,-,0,NONE,0,0,0,Data,Opaque CAN data from host experiment
378,scilong,378,8,-,0,NONE,0,0,0,Data,Opaque CAN data from host experiment
379,scilong,379,8,-,0,NONE,0,0,0,Data,Opaque CAN data from host experiment
380,scilong,380,8,-,0,NONE,0,0,0,Data,Opaque CAN data from host experiment
381,scilong,381,8,-,0,NONE,0,0,0,Data,Opaque CAN data from host experiment
382,scilong,382,8,-,0,NONE,0,0,0,Data,Opaque CAN data from host experiment
383,scilong,383,8,-,0,NONE,0,0,0,Data,Opaque CAN data from host experiment
384,scilong,384,8,-,0,NONE,0,0,0,Data,Opaque CAN data from host experiment
385,scilong,385,8,-,0,NONE,0,0,0,Data,Opaque CAN data from host experiment
386,scilong,386,8,-,0,NONE,0,0,0,Data,Opaque CAN data from host experiment
387,scilong,387,8,-,0,NONE,0,0,0,Data,Opaque CAN data from host experiment
388,scilong,388,8,-,0,NONE,0,0,0,Data,Opaque CAN data from host experiment
389,scilong,389,8,-,0,NONE,0,0,0,Data,Opaque CAN data from host experiment
390,scilong,390,8,-,0,NONE,0,0,0,Data,Opaque CAN data from host experiment
391,scilong,391,8,-,0,NONE,0,0,0,Data,Opaque CAN data from host experiment
392,scilong,392,8,-,0,NONE,0,0,0,Data,Opaque CAN data from host experiment
393,scilong,393,8,-,0,NONE,0,0,0,Data,Opaque CAN data from host experiment
394,scilong,394,8,-,0,NONE,0,0,0,Data,Opaque CAN data from host experiment
395,scilong,395,8,-,0,NONE,0,0,0,Data,Opaque CAN data from host experiment
396,scilong,396,8,-,0,NONE,0,0,0,Data,Opaque CAN data from host experiment
397,scilong,397,8,-,0,NONE,0,0,0,Data,Opaque CAN data from host experiment
398,scilong,398,8,-,0,NONE,0,0,0,Data,Opaque CAN data from host experiment
399,scilong,399,8,-,0,NONE,0,0,0,Data,Opaque CAN data from host experiment
400,scilong,400,8,-,0,NONE,0,0,0,Data,Opaque CAN data from host experiment
401,scilong,401,8,-,0,NONE,0,0,0,Data,Opaque CAN data from host experiment
402,scilong,402,8,-,0,NONE,0,0,0,Data,Opaque CAN data from host experiment
403,scilong,403,8,-,0,NONE,0,0,0,Data,Opaque CAN data from host experiment
404,scilong,404,8,-,0,NONE,0,0,0,Data,Opaque CAN data from host experiment
405,scilong,405,8,-,0,NONE,0,0,0,Data,Opaque CAN data from host experiment
406,scilong,406,8,-,0,NONE,0,0,0,Data,Opaque CAN data from host experiment
407,scilong,407,8,-,0,NONE,0,0,0,Data,Opaque CAN data from host experiment
408,scilong,408,8,-,0,NONE,0,0,0,Data,Opaque CAN data from host experiment
409,scilong,409,8,-,0,NONE,0,0,0,Data,Opaque CAN data from host experiment
410,scilong,410,8,-,0,NONE,0,0,0,Data,Opaque CAN data from host experiment
411,scilong,411,8,-,0,NONE,0,0,0,Data,Opaque CAN data from host experiment
412,scilong,412,8,-,0,NONE,0,0,0,Data,Opaque CAN data from host experiment
413,scilong,413,8,-,0,NONE,0,0,0,Data,Opaque CAN data from host experiment
414,scilong,414,8,-,0,NONE,0,0,0,Data,Opaque CAN data from host experiment
415,scilong,415,8,-,0,NONE,0,0,0,Data,Opaque CAN data from host experiment
416,scilong,416,8,-,0,NONE,0,0,0,Data,Opaque CAN data from host experiment
417,scilong,417,8,-,0,NONE,0,0,0,Data,Opaque CAN data from host experiment
418,scilong,418,8,-,0,NONE,0,0,0,Data,Opaque CAN data from host experiment
419,scilong,419,8,-,0,NONE,0,0,0,Data,Opaque CAN data from host experiment
420,scilong,420,8,-,0,NONE,0,0,0,Data,Opaque CAN data from host experiment
421,scilong,421,8,-,0,NONE,0,0,0,Data,Opaque CAN data from host experiment
422,scilong,422,8,-,0,NONE,0,0,0,Data,Opaque CAN data from host experiment
423,scilong,423,8,-,0,NONE,0,0,0,Data,Opaque CAN data from host experiment
424,scilong,424,8,-,0,NONE,0,0,0,Data,Opaque CAN data from host experiment
425,scilong,425,8,-,0,NONE,0,0,0,Data,Opaque CAN data from host experiment
426,scilong,426,8,-,0,NONE,0,0,0,Data,Opaque CAN data from host experiment
427,scilong,427,8,-,0,NONE,0,0,0,Data,Opaque CAN data from host experiment
428,scilong,428,8,-,0,NONE,0,0,0,Data,Opaque CAN data from host experiment
429,scilong,429,8,-,0,NONE,0,0,0,Data,Opaque CAN data from host experiment
430,scilong,430,8,-,0,NONE,0,0,0,Data,Opaque CAN data from host experiment
431,scilong,431,8,-,0,NONE,0,0,0,Data,Opaque CAN data from host experiment
432,scilong,432,8,-,0,NONE,0,0,0,Data,Opaque CAN data from host experiment
433,scilong,433,8,-,0,NONE,0,0,0,Data,Opaque CAN data from host experiment
434,scilong,434,8,-,0,NONE,0,0,0,Data,Opaque CAN data from host experiment
435,scilong,435,8,-,0,NONE,0,0,0,Data,Opaque CAN data from host experiment
436,scilong,436,8,-,0,NONE,0,0,0,Data,Opaque CAN data from host experiment
437,scilong,437,8,-,0,NONE,0,0,0,Data,Opaque CAN data from host experiment
438,scilong,438,8,-,0,NONE,0,0,0,Data,Opaque CAN data from host experiment
439,scilong,439,8,-,0,NONE,0,0,0,Data,Opaque CAN data from host experiment
440,scilong,440,8,-,0,NONE,0,0,0,Data,Opaque CAN data from host experiment
441,scilong,441,8,-,0,NONE,0,0,0,Data,Opaque CAN data from host experiment
442,scilong,442,8,-,0,NONE,0,0,0,Data,Opaque CAN data from host experiment
443,scilong,443,8,-,0,NONE,0,0,0,Data,Opaque CAN data from host experiment
444,scilong,444,8,-,0,NONE,0,0,0,Data,Opaque CAN data from host experiment
445,scilong,445,8,-,0,NONE,0,0,0,Data,Opaque CAN data from host experiment
446,scilong,446,8,-,0,NONE,0,0,0,Data,Opaque CAN data from host experiment
447,scilong,447,8,-,0,NONE,0,0,0,Data,Opaque CAN data from host experiment
448,scilong,448,8,-,0,NONE,0,0,0,Data,Opaque CAN data from host experiment
449,scilong,449,8,-,0,NONE,0,0,0,Data,Opaque CAN data from host experiment
450,scilong,450,8,-,0,NONE,0,0,0,Data,Opaque CAN data from host experiment
451,scilong,451,8,-,0,NONE,0,0,0,Data,Opaque CAN data from host experiment
452,scilong,452,8,-,0,NONE,0,0,0,Data,Opaque CAN data from host experiment
453,scilong,453,8,-,0,NONE,0,0,0,Data,Opaque CAN data from host experiment
454,scilong,454,8,-,0,NONE,0,0,0,Data,Opaque CAN data from host experiment
455,scilong,455,8,-,0,NONE,0,0,0,Data,Opaque CAN data from host experiment
456,scilong,456,8,-,0,NONE,0,0,0,Data,Opaque CAN data from host experiment
457,scilong,457,8,-,0,NONE,0,0,0,Data,Opaque CAN data from host experiment
458,scilong,458,8,-,0,NONE,0,0,0,Data,Opaque CAN data from host experiment
459,scilong,459,8,-,0,NONE,0,0,0,Data,Opaque CAN data from host experiment
460,scilong,460,8,-,0,NONE,0,0,0,Data,Opaque CAN data from host experiment
461,scilong,461,8,-,0,NONE,0,0,0,Data,Opaque CAN data from host experiment
462,scilong,462,8,-,0,NONE,0,0,0,Data,Opaque CAN data from host experiment
463,scilong,463,8,-,0,NONE,0,0,0,Data,Opaque CAN data from host experiment
464,scilong,464,8,-,0,NONE,0,0,0,Data,Opaque CAN data from host experiment
465,scilong,465,8,-,0,NONE,0,0,0,Data,Opaque CAN data from host experiment
466,scilong,466,8,-,0,NONE,0,0,0,Data,Opaque CAN data from host experiment
467,scilong,467,8,-,0,NONE,0,0,0,Data,Opaque CAN data from host experiment
468,scilong,468,8,-,0,NONE,0,0,0,Data,Opaque CAN data from host experiment
469,scilong,469,8,-,0,NONE,0,0,0,Data,Opaque CAN data from host experiment
470,scilong,470,8,-,0,NONE,0,0,0,Data,Opaque CAN data from host experiment
471,scilong,471,8,-,0,NONE,0,0,0,Data,Opaque CAN data from host experiment
472,scilong,472,8,-,0,NONE,0,0,0,Data,Opaque CAN data from host experiment
473,scilong,473,8,-,0,NONE,0,0,0,Data,Opaque CAN data from host experiment
474,scilong,474,8,-,0,NONE,0,0,0,Data,Opaque CAN data from host experiment
475,scilong,475,8,-,0,NONE,0,0,0,Data,Opaque CAN data from host experiment
476,scilong,476,8,-,0,NONE,0,0,0,Data,Opaque CAN data from host experiment
477,scilong,477,8,-,0,NONE,0,0,0,Data,Opaque CAN data from host experiment
478,scilong,478,8,-,0,NONE,0,0,0,Data,Opaque CAN data from host experiment
479,scilong,479,8,-,0,NONE,0,0,0,Data,Opaque CAN data from host experiment
480,scilong,480,8,-,0,NONE,0,0,0,Data,Opaque CAN data from host experiment
481,scilong,481,8,-,0,NONE,0,0,0,Data,Opaque CAN data from host experiment
482,scilong,482,8,-,0,NONE,0,0,0,Data,Opaque CAN data from host experiment
483,scilong,483,8,-,0,NONE,0,0,0,Data,Opaque CAN data from host experiment
484,scilong,484,8,-,0,NONE,0,0,0,Data,Opaque CAN data from host experiment
485,scilong,485,8,-,0,NONE,0,0,0,Data,Opaque CAN data from host experiment
486,scilong,486,8,-,0,NONE,0,0,0,Data,Opaque CAN data from host experiment
487,scilong,487,8,-,0,NONE,0,0,0,Data,Opaque CAN data from host experiment
488,scilong,488,8,-,0,NONE,0,0,0,Data,Opaque CAN data from host experiment
489,scilong,489,8,-,0,NONE,0,0,0,Data,Opaque CAN data from host experiment
490,scilong,490,8,-,0,NONE,0,0,0,Data,Opaque CAN data from host experiment
491,scilong,491,8,-,0,NONE,0,0,0,Data,Opaque CAN data from host experiment
492,scilong,492,8,-,0,NONE,0,0,0,Data,Opaque CAN data from host experiment
493,scilong,493,8,-,0,NONE,0,0,0,Data,Opaque CAN data from host experiment
494,scilong,494,8,-,0,NONE,0,0,0,Data,Opaque CAN data from host experiment
495,scilong,495,8,-,0,NONE,0,0,0,Data,Opaque CAN data from host experiment
496,scilong,496,8,-,0,NONE,0,0,0,Data,Opaque CAN data from host experiment
497,scilong,497,8,-,0,NONE,0,0,0,Data,Opaque CAN data from host experiment
498,scilong,498,8,-,0,NONE,0,0,0,Data,Opaque CAN data from host experiment
499,scilong,499,8,-,0,NONE,0,0,0,Data,Opaque CAN data from host experiment
500,scilong,500,8,-,0,NONE,0,0,0,Data,Opaque CAN data from host experiment
501,scilong,501,8,-,0,NONE,0,0,0,Data,Opaque CAN data from host experiment
502,scilong,502,8,-,0,NONE,0,0,0,Data,Opaque CAN data from host experiment
503,scilong,503,8,-,0,NONE,0,0,0,Data,Opaque CAN data from host experiment
504,scilong,504,8,-,0,NONE,0,0,0,Data,Opaque CAN data from host experiment
505,scilong,505,8,-,0,NONE,0,0,0,Data,Opaque CAN data from host experiment
506,scilong,506,8,-,0,NONE,0,0,0,Data,Opaque CAN data from host experiment
507,scilong,507,8,-,0,NONE,0,0,0,Data,Opaque CAN data from host experiment
508,scilong,508,8,-,0,NONE,0,0,0,Data,Opaque CAN data from host experiment
509,scilong,509,8,-,0,NONE,0,0,0,Data,Opaque CAN data from host experiment
510,scilong,510,8,-,0,NONE,0,0,0,Data,Opaque CAN data from host experiment
511,scilong,511,8,-,0,NONE,0,0,0,Data,Opaque CAN data from host experiment
512,scilong,512,8,-,0,NONE,0,0,0,Data,Opaque CAN data from host experiment
513,scilong,513,8,-,0,NONE,0,0,0,Data,Opaque CAN data from host experiment
514,scilong,514,8,-,0,NONE,0,0,0,Data,Opaque CAN data from host experiment
515,scilong,515,8,-,0,NONE,0,0,0,Data,Opaque CAN data from host experiment
516,scilong,516,8,-,0,NONE,0,0,0,Data,Opaque CAN data from host experiment
517,scilong,517,8,-,0,NONE,0,0,0,Data,Opaque CAN data from host experiment
518,scilong,518,8,-,0,NONE,0,0,0,Data,Opaque CAN data from host experiment
519,scilong,519,8,-,0,NONE,0,0,0,Data,Opaque CAN data from host experiment
520,scilong,520,8,-,0,NONE,0,0,0,Data,Opaque CAN data from host experiment
521,scilong,521,8,-,0,NONE,0,0,0,Data,Opaque CAN data from host experiment
522,scilong,522,8,-,0,NONE,0,0,0,Data,Opaque CAN data from host experiment
523,scilong,523,8,-,0,NONE,0,0,0,Data,Opaque CAN data from host experiment
524,scilong,524,8,-,0,NONE,0,0,0,Data,Opaque CAN data from host experiment
525,scilong,525,8,-,0,NONE,0,0,0,Data,Opaque CAN data from host experiment
526,scilong,526,8,-,0,NONE,0,0,0,Data,Opaque CAN data from host experiment
527,scilong,527,8,-,0,NONE,0,0,0,Data,Opaque CAN data from host experiment
528,scilong,528,8,-,0,NONE,0,0,0,Data,Opaque CAN data from host experiment
529,scilong,529,8,-,0,NONE,0,0,0,Data,Opaque CAN data from host experiment
530,scilong,530,8,-,0,NONE,0,0,0,Data,Opaque CAN data from host experiment
531,scilong,531,8,-,0,NONE,0,0,0,Data,Opaque CAN data from host experiment
532,scilong,532,8,-,0,NONE,0,0,0,Data,Opaque CAN data from host experiment
533,scilong,533,8,-,0,NONE,0,0,0,Data,Opaque CAN data from host experiment
534,scilong,534,8,-,0,NONE,0,0,0,Data,Opaque CAN data from host experiment
535,scilong,535,8,-,0,NONE,0,0,0,Data,Opaque CAN data from host experiment
536,scilong,536,8,-,0,NONE,0,0,0,Data,Opaque CAN data from host experiment
537,scilong,537,8,-,0,NONE,0,0,0,Data,Opaque CAN data from host experiment
538,scilong,538,8,-,0,NONE,0,0,0,Data,Opaque CAN data from host experiment
539,scilong,539,8,-,0,NONE,0,0,0,Data,Opaque CAN data from host experiment
540,scilong,540,8,-,0,NONE,0,0,0,Data,Opaque CAN data from host experiment
541,scilong,541,8,-,0,NONE,0,0,0,Data,Opaque CAN data from host experiment
542,scilong,542,8,-,0,NONE,0,0,0,Data,Opaque CAN data from host experiment
543,scilong,543,8,-,0,NONE,0,0,0,Data,Opaque CAN data from host experiment
544,scilong,544,8,-,0,NONE,0,0,0,Data,Opaque CAN data from host experiment
545,scilong,545,8,-,0,NONE,0,0,0,Data,Opaque CAN data from host experiment
546,scilong,546,8,-,0,NONE,0,0,0,Data,Opaque CAN data from host experiment
547,scilong,547,8,-,0,NONE,0,0,0,Data,Opaque CAN data from host experiment
548,scilong,548,8,-,0,NONE,0,0,0,Data,Opaque CAN data from host experiment
549,scilong,549,8,-,0,NONE,0,0,0,Data,Opaque CAN data from host experiment
550,scilong,550,8,-,0,NONE,0,0,0,Data,Opaque CAN data from host experiment
551,scilong,551,8,-,0,NONE,0,0,0,Data,Opaque CAN data from host experiment
552,scilong,552,8,-,0,NONE,0,0,0,Data,Opaque CAN data from host experiment
553,scilong,553,8,-,0,NONE,0,0,0,Data,Opaque CAN data from host experiment
554,scilong,554,8,-,0,NONE,0,0,0,Data,Opaque CAN data from host experiment
555,scilong,555,8,-,0,NONE,0,0,0,Data,Opaque CAN data from host experiment
556,scilong,556,8,-,0,NONE,0,0,0,Data,Opaque CAN data from host experiment
557,scilong,557,8,-,0,NONE,0,0,0,Data,Opaque CAN data from host experiment
558,scilong,558,8,-,0,NONE,0,0,0,Data,Opaque CAN data from host experiment
559,scilong,559,8,-,0,NONE,0,0,0,Data,Opaque CAN data from host experiment
560,scilong,560,8,-,0,NONE,0,0,0,Data,Opaque CAN data from host experiment
561,scilong,561,8,-,0,NONE,0,0,0,Data,Opaque CAN data from host experiment
562,scilong,562,8,-,0,NONE,0,0,0,Data,Opaque CAN data from host experiment
563,scilong,563,8,-,0,NONE,0,0,0,Data,Opaque CAN data from host experiment
564,scilong,564,8,-,0,NONE,0,0,0,Data,Opaque CAN data from host experiment
565,scilong,565,8,-,0,NONE,0,0,0,Data,Opaque CAN data from host experiment
566,scilong,566,8,-,0,NONE,0,0,0,Data,Opaque CAN data from host experiment
567,scilong,567,8,-,0,NONE,0,0,0,Data,Opaque CAN data from host experiment
568,scilong,568,8,-,0,NONE,0,0,0,Data,Opaque CAN data from host experiment
569,scilong,569,8,-,0,NONE,0,0,0,Data,Opaque CAN data from host experiment
570,scilong,570,8,-,0,NONE,0,0,0,Data,Opaque CAN data from host experiment
571,scilong,571,8,-,0,NONE,0,0,0,Data,Opaque CAN data from host experiment
572,scilong,572,8,-,0,NONE,0,0,0,Data,Opaque CAN data from host experiment
573,scilong,573,8,-,0,NONE,0,0,0,Data,Opaque CAN data from host experiment
574,scilong,574,8,-,0,NONE,0,0,0,Data,Opaque CAN data from host experiment
575,scilong,575,8,-,0,NONE,0,0,0,Data,Opaque CAN data from host experiment
576,scilong,576,8,-,0,NONE,0,0,0,Data,Opaque CAN data from host experiment
577,scilong,577,8,-,0,NONE,0,0,0,Data,Opaque CAN data from host experiment
578,scilong,578,8,-,0,NONE,0,0,0,Data,Opaque CAN data from host experiment
579,scilong,579,8,-,0,NONE,0,0,0,Data,Opaque CAN data from host experiment
580,scilong,580,8,-,0,NONE,0,0,0,Data,Opaque CAN data from host experiment
581,scilong,581,8,-,0,NONE,0,0,0,Data,Opaque CAN data from host experiment
582,scilong,582,8,-,0,NONE,0,0,0,Data,Opaque CAN data from host experiment
583,scilong,583,8,-,0,NONE,0,0,0,Data,Opaque CAN data from host experiment
584,scilong,584,8,-,0,NONE,0,0,0,Data,Opaque CAN data from host experiment
585,scilong,585,8,-,0,NONE,0,0,0,Data,Opaque CAN data from host experiment
586,scilong,586,8,-,0,NONE,0,0,0,Data,Opaque CAN data from host experiment
587,scilong,587,8,-,0,NONE,0,0,0,Data,Opaque CAN data from host experiment
588,scilong,588,8,-,0,NONE,0,0,0,Data,Opaque CAN data from host experiment
589,scilong,589,8,-,0,NONE,0,0,0,Data,Opaque CAN data from host experiment
590,scilong,590,8,-,0,NONE,0,0,0,Data,Opaque CAN data from host experiment
591,scilong,591,8,-,0,NONE,0,0,0,Data,Opaque CAN data from host experiment
592,scilong,592,8,-,0,NONE,0,0,0,Data,Opaque CAN data from host experiment
593,scilong,593,8,-,0,NONE,0,0,0,Data,Opaque CAN data from host experiment
594,scilong,594,8,-,0,NONE,0,0,0,Data,Opaque CAN data from host experiment
595,scilong,595,8,-,0,NONE,0,0,0,Data,Opaque CAN data from host experiment
596,scilong,596,8,-,0,NONE,0,0,0,Data,Opaque CAN data from host experiment
597,scilong,597,8,-,0,NONE,0,0,0,Data,Opaque CAN data from host experiment
598,scilong,598,8,-,0,NONE,0,0,0,Data,Opaque CAN data from host experiment
599,scilong,599,8,-,0,NONE,0,0,0,Data,Opaque CAN data from host experiment
600,scilong,600,8,-,0,NONE,0,0,0,Data,Opaque CAN data from host experiment
601,scilong,601,8,-,0,NONE,0,0,0,Data,Opaque CAN data from host experiment
602,scilong,602,8,-,0,NONE,0,0,0,Data,Opaque CAN data from host experiment
603,scilong,603,8,-,0,NONE,0,0,0,Data,Opaque CAN data from host experiment
604,scilong,604,8,-,0,NONE,0,0,0,Data,Opaque CAN data from host experiment
605,scilong,605,8,-,0,NONE,0,0,0,Data,Opaque CAN data from host experiment
606,scilong,606,8,-,0,NONE,0,0,0,Data,Opaque CAN data from host experiment
607,scilong,607,8,-,0,NONE,0,0,0,Data,Opaque CAN data from host experiment
608,scilong,608,8,-,0,NONE,0,0,0,Data,Opaque CAN data from host experiment
609,scilong,609,8,-,0,NONE,0,0,0,Data,Opaque CAN data from host experiment
610,scilong,610,8,-,0,NONE,0,0,0,Data,Opaque CAN data from host experiment
611,scilong,611,8,-,0,NONE,0,0,0,Data,Opaque CAN data from host experiment
612,scilong,612,8,-,0,NONE,0,0,0,Data,Opaque CAN data from host experiment
613,scilong,613,8,-,0,NONE,0,0,0,Data,Opaque CAN data from host experiment
614,scilong,614,8,-,0,NONE,0,0,0,Data,Opaque CAN data from host experiment
615,scilong,615,8,-,0,NONE,0,0,0,Data,Opaque CAN data from host experiment
616,scilong,616,8,-,0,NONE,0,0,0,Data,Opaque CAN data from host experiment
617,scilong,617,8,-,0,NONE,0,0,0,Data,Opaque CAN data from host experiment
618,scilong,618,8,-,0,NONE,0,0,0,Data,Opaque CAN data from host experiment
619,scilong,619,8,-,0,NONE,0,0,0,Data,Opaque CAN data from host experiment
620,scilong,620,8,-,0,NONE,0,0,0,Data,Opaque CAN data from host experiment
621,scilong,621,8,-,0,NONE,0,0,0,Data,Opaque CAN data from host experiment
622,scilong,622,8,-,0,NONE,0,0,0,Data,Opaque CAN data from host experiment
623,scilong,623,8,-,0,NONE,0,0,0,Data,Opaque CAN data from host experiment
624,scilong,624,8,-,0,NONE,0,0,0,Data,Opaque CAN data from host experiment
625,scilong,625,8,-,0,NONE,0,0,0,Data,Opaque CAN data from host experiment
626,scilong,626,8,-,0,NONE,0,0,0,Data,Opaque CAN data from host experiment
627,scilong,627,8,-,0,NONE,0,0,0,Data,Opaque CAN data from host experiment
628,scilong,628,8,-,0,NONE,0,0,0,Data,Opaque CAN data from host experiment
629,scilong,629,8,-,0,NONE,0,0,0,Data,Opaque CAN data from host experiment
630,scilong,630,8,-,0,NONE,0,0,0,Data,Opaque CAN data from host experiment
631,scilong,631,8,-,0,NONE,0,0,0,Data,Opaque CAN data from host experiment
632,scilong,632,8,-,0,NONE,0,0,0,Data,Opaque CAN data from host experiment
633,scilong,633,8,-,0,NONE,0,0,0,Data,Opaque CAN data from host experiment
634,scilong,634,8,-,0,NONE,0,0,0,Data,Opaque CAN data from host experiment
635,scilong,635,8,-,0,NONE,0,0,0,Data,Opaque CAN data from host experiment
636,scilong,636,8,-,0,NONE,0,0,0,Data,Opaque CAN data from host experiment
637,scilong,637,8,-,0,NONE,0,0,0,Data,Opaque CAN data from host experiment
638,scilong,638,8,-,0,NONE,0,0,0,Data,Opaque CAN data from host experiment
639,scilong,639,8,-,0,NONE,0,0,0,Data,Opaque CAN data from host experiment
640,scilong,640,8,-,0,NONE,0,0,0,Data,Opaque CAN data from host experiment
641,scilong,641,8,-,0,NONE,0,0,0,Data,Opaque CAN data from host experiment
642,scilong,642,8,-,0,NONE,0,0,0,Data,Opaque CAN data from host experiment
643,scilong,643,8,-,0,NONE,0,0,0,Data,Opaque CAN data from host experiment
644,scilong,644,8,-,0,NONE,0,0,0,Data,Opaque CAN data from host experiment
645,scilong,645,8,-,0,NONE,0,0,0,Data,Opaque CAN data from host experiment
646,scilong,646,8,-,0,NONE,0,0,0,Data,Opaque CAN data from host experiment
647,scilong,647,8,-,0,NONE,0,0,0,Data,Opaque CAN data from host experiment
648,scilong,648,8,-,0,NONE,0,0,0,Data,Opaque CAN data from host experiment
649,scilong,649,8,-,0,NONE,0,0,0,Data,Opaque CAN data from host experiment
650,scilong,650,8,-,0,NONE,0,0,0,Data,Opaque CAN data from host experiment
651,scilong,651,8,-,0,NONE,0,0,0,Data,Opaque CAN data from host experiment
652,scilong,652,8,-,0,NONE,0,0,0,Data,Opaque CAN data from host experiment
653,scilong,653,8,-,0,NONE,0,0,0,Data,Opaque CAN data from host experiment
654,scilong,654,8,-,0,NONE,0,0,0,Data,Opaque CAN data from host experiment
655,scilong,655,8,-,0,NONE,0,0,0,Data,Opaque CAN data from host experiment
656,scilong,Longscisparebits,7,-,0,NONE,0,0,0,LongSciSparebits,Pad
657,scilong,overflow,1,-,21,CAN Queue,1,1,0,Overflow,One or more CAN messages lost
