654,TYPE,FIELD,BITS,UNIT,CONVERSION,MODULE,MODULE_NUM,MODULE_LINE,LINE_TYPE,SHORT_NAME,DESCRIPTION
0,scilong,B0,8,-,0,NONE,0,0,0,Data,Opaque CAN data from host experiment
1,scilong,B1,8,-,0,NONE,0,0,0,Data,Opaque CAN data from host experiment
2,scilong,B2,8,-,0,NONE,0,0,0,Data,Opaque CAN data from host experiment
3,scilong,B3,8,-,0,NONE,0,0,0,Data,Opaque CAN data from host experiment
4,scilong,B4,8,-,0,NONE,0,0,0,Data,Opaque CAN data from host experiment
5,scilong,B5,8,-,0,NONE,0,0,0,Data,Opaque CAN data from host experiment
6,scilong,B6,8,-,0,NONE,0,0,0,Data,Opaque CAN data from host experiment
7,scilong,B7,8,-,0,NONE,0,0,0,Data,Opaque CAN data from host experiment
8,scilong,B8,8,-,0,NONE,0,0,0,Data,Opaque CAN data from host experiment
9,scilong,B9,8,-,0,NONE,0,0,0,Data,Opaque CAN data from host experiment
10,scilong,B10,8,-,0,NONE,0,0,0,Data,Opaque CAN data from host experiment
11,scilong,B11,8,-,0,NONE,0,0,0,Data,Opaque CAN data from host experiment
12,scilong,B12,8,-,0,NONE,0,0,0,Data,Opaque CAN data from host experiment
13,scilong,B13,8,-,0,NONE,0,0,0,Data,Opaque CAN data from host experiment
14,scilong,B14,8,-,0,NONE,0,0,0,Data,Opaque CAN data from host experiment
15,scilong,B15,8,-,0,NONE,0,0,0,Data,Opaque CAN data from host experiment
16,scilong,B16,8,-,0,NONE,0,0,0,Data,Opaque CAN data from host experiment
17,scilong,B17,8,-,0,NONE,0,0,0,Data,Opaque CAN data from host experiment
18,scilong,B18,8,-,0,NONE,0,0,0,Data,Opaque CAN data from host experiment
19,scilong,B19,8,-,0,NONE,0,0,0,Data,Opaque CAN data from host experiment
20,scilong,B20,8,-,0,NONE,0,0,0,Data,Opaque CAN data from host experiment
21,scilong,B21,8,-,0,NONE,0,0,0,Data,Opaque CAN data from host experiment
22,scilong,B22,8,-,0,NONE,0,0,0,Data,Opaque CAN data from host experiment
23,scilong,B23,8,-,0,NONE,0,0,0,Data,Opaque CAN data from host experiment
24,scilong,B24,8,-,0,NONE,0,0,0,Data,Opaque CAN data from host experiment
25,scilong,B25,8,-,0,NONE,0,0,0,Data,Opaque CAN data from host experiment
26,scilong,B26,8,-,0,NONE,0,0,0,Data,Opaque CAN data from host experiment
27,scilong,B27,8,-,0,NONE,0,0,0,Data,Opaque CAN data from host experiment
28,scilong,B28,8,-,0,NONE,0,0,0,Data,Opaque CAN data from host experiment
29,scilong,B29,8,-,0,NONE,0,0,0,Data,Opaque CAN data from host experiment
30,scilong,B30,8,-,0,NONE,0,0,0,Data,Opaque CAN data from host experiment
31,scilong,B31,8,-,0,NONE,0,0,0,Data,Opaque CAN data from host experiment
32,scilong,B32,8,-,0,NONE,0,0,0,Data,Opaque CAN data from host experiment
33,scilong,B33,8,-,0,NONE,0,0,0,Data,Opaque CAN data from host experiment
34,scilong,B34,8,-,0,NONE,0,0,0,Data,Opaque CAN data from host experiment
35,scilong,B35,8,-,0,NONE,0,0,0,Data,Opaque CAN data from host experiment
36,scilong,B36,8,-,0,NONE,0,0,0,Data,Opaque CAN data from host experiment
37,scilong,B37,8,-,0,NONE,0,0,0,Data,Opaque CAN data from host experiment
38,scilong,B38,8,-,0,NONE,0,0,0,Data,Opaque CAN data from host experiment
39,scilong,B39,8,-,0,NONE,0,0,0,Data,Opaque CAN data from host experiment
40,scilong,B40,8,-,0,NONE,0,0,0,Data,Opaque CAN data from host experiment
41,scilong,B41,8,-,0,NONE,0,0,0,Data,Opaque CAN data from host experiment
42,scilong,B42,8,-,0,NONE,0,0,0,Data,Opaque CAN data from host experiment
43,scilong,B43,8,-,0,NONE,0,0,0,Data,Opaque CAN data from host experiment
44,scilong,B44,8,-,0,NONE,0,0,0,Data,Opaque CAN data from host experiment
45,scilong,B45,8,-,0,NONE,0,0,0,Data,Opaque CAN data from host experiment
46,scilong,B46,8,-,0,NONE,0,0,0,Data,Opaque CAN data from host experiment
47,scilong,B47,8,-,0,NONE,0,0,0,Data,Opaque CAN data from host experiment
48,scilong,B48,8,-,0,NONE,0,0,0,Data,Opaque CAN data from host experiment
49,scilong,B49,8,-,0,NONE,0,0,0,Data,Opaque CAN data from host experiment
50,scilong,B50,8,-,0,NONE,0,0,0,Data,Opaque CAN data from host experiment
51,scilong,B51,8,-,0,NONE,0,0,0,Data,Opaque CAN data from host experiment
52,scilong,B52,8,-,0,NONE,0,0,0,Data,Opaque CAN data from host experiment
53,scilong,B53,8,-,0,NONE,0,0,0,Data,Opaque CAN data from host experiment
54,scilong,B54,8,-,0,NONE,0,0,0,Data,Opaque CAN data from host experiment
55,scilong,B55,8,-,0,NONE,0,0,0,Data,Opaque CAN data from host experiment
56,scilong,B56,8,-,0,NONE,0,0,0,Data,Opaque CAN data from host experiment
57,scilong,B57,8,-,0,NONE,0,0,0,Data,Opaque CAN data from host experiment
58,scilong,B58,8,-,0,NONE,0,0,0,Data,Opaque CAN data from host experiment
59,scilong,B59,8,-,0,NONE,0,0,0,Data,Opaque CAN data from host experiment
60,scilong,B60,8,-,0,NONE,0,0,0,Data,Opaque CAN data from host experiment
61,scilong,B61,8,-,0,NONE,0,0,0,Data,Opaque CAN data from host experiment
62,scilong,B62,8,-,0,NONE,0,0,0,Data,Opaque CAN data from host experiment
63,scilong,B63,8,-,0,NONE,0,0,0,Data,Opaque CAN data from host experiment
64,scilong,B64,8,-,0,NONE,0,0,0,Data,Opaque CAN data from host experiment
65,scilong,B65,8,-,0,NONE,0,0,0,Data,Opaque CAN data from host experiment
66,scilong,B66,8,-,0,NONE,0,0,0,Data,Opaque CAN data from host experiment
67,scilong,B67,8,-,0,NONE,0,0,0,Data,Opaque CAN data from host experiment
68,scilong,B68,8,-,0,NONE,0,0,0,Data,Opaque CAN data from host experiment
69,scilong,B69,8,-,0,NONE,0,0,0,Data,Opaque CAN data from host experiment
70,scilong,B70,8,-,0,NONE,0,0,0,Data,Opaque CAN data from host experiment
71,scilong,B71,8,-,0,NONE,0,0,0,Data,Opaque CAN data from host experiment
72,scilong,B72,8,-,0,NONE,0,0,0,Data,Opaque CAN data from host experiment
73,scilong,B73,8,-,0,NONE,0,0,0,Data,Opaque CAN data from host experiment
74,scilong,B74,8,-,0,NONE,0,0,0,Data,Opaque CAN data from host experiment
75,scilong,B75,8,-,0,NONE,0,0,0,Data,Opaque CAN data from host experiment
76,scilong,B76,8,-,0,NONE,0,0,0,Data,Opaque CAN data from host experiment
77,scilong,B77,8,-,0,NONE,0,0,0,Data,Opaque CAN data from host experiment
78,scilong,B78,8,-,0,NONE,0,0,0,Data,Opaque CAN data from host experiment
79,scilong,B79,8,-,0,NONE,0,0,0,Data,Opaque CAN data from host experiment
80,scilong,B80,8,-,0,NONE,0,0,0,Data,Opaque CAN data from host experiment
81,scilong,B81,8,-,0,NONE,0,0,0,Data,Opaque CAN data from host experiment
82,scilong,B82,8,-,0,NONE,0,0,0,Data,Opaque CAN data from host experiment
83,scilong,B83,8,-,0,NONE,0,0,0,Data,Opaque CAN data from host experiment
84,scilong,B84,8,-,0,NONE,0,0,0,Data,Opaque CAN data from host experiment
85,scilong,B85,8,-,0,NONE,0,0,0,Data,Opaque CAN data from host experiment
86,scilong,B86,8,-,0,NONE,0,0,0,Data,Opaque CAN data from host experiment
87,scilong,B87,8,-,0,NONE,0,0,0,Data,Opaque CAN data from host experiment
88,scilong,B88,8,-,0,NONE,0,0,0,Data,Opaque CAN data from host experiment
89,scilong,B89,8,-,0,NONE,0,0,0,Data,Opaque CAN data from host experiment
90,scilong,B90,8,-,0,NONE,0,0,0,Data,Opaque CAN data from host experiment
91,scilong,B91,8,-,0,NONE,0,0,0,Data,Opaque CAN data from host experiment
92,scilong,B92,8,-,0,NONE,0,0,0,Data,Opaque CAN data from host experiment
93,scilong,B93,8,-,0,NONE,0,0,0,Data,Opaque CAN data from host experiment
94,scilong,B94,8,-,0,NONE,0,0,0,Data,Opaque CAN data from host experiment
95,scilong,B95,8,-,0,NONE,0,0,0,Data,Opaque CAN data from host experiment
96,scilong,B96,8,-,0,NONE,0,0,0,Data,Opaque CAN data from host experiment
97,scilong,B97,8,-,0,NONE,0,0,0,Data,Opaque CAN data from host experiment
98,scilong,B98,8,-,0,NONE,0,0,0,Data,Opaque CAN data from host experiment
99,scilong,B99,8,-,0,NONE,0,0,0,Data,Opaque CAN data from host experiment
100,scilong,B100,8,-,0,NONE,0,0,0,Data,Opaque CAN data from host experiment
101,scilong,B101,8,-,0,NONE,0,0,0,Data,Opaque CAN data from host experiment
102,scilong,B102,8,-,0,NONE,0,0,0,Data,Opaque CAN data from host experiment
103,scilong,B103,8,-,0,NONE,0,0,0,Data,Opaque CAN data from host experiment
104,scilong,B104,8,-,0,NONE,0,0,0,Data,Opaque CAN data from host experiment
105,scilong,B105,8,-,0,NONE,0,0,0,Data,Opaque CAN data from host experiment
106,scilong,B106,8,-,0,NONE,0,0,0,Data,Opaque CAN data from host experiment
107,scilong,B107,8,-,0,NONE,0,0,0,Data,Opaque CAN data from host experiment
108,scilong,B108,8,-,0,NONE,0,0,0,Data,Opaque CAN data from host experiment
109,scilong,B109,8,-,0,NONE,0,0,0,Data,Opaque CAN data from host experiment
110,scilong,B110,8,-,0,NONE,0,0,0,Data,Opaque CAN data from host experiment
111,scilong,B111,8,-,0,NONE,0,0,0,Data,Opaque CAN data from host experiment
112,scilong,B112,8,-,0,NONE,0,0,0,Data,Opaque CAN data from host experiment
113,scilong,B113,8,-,0,NONE,0,0,0,Data,Opaque CAN data from host experiment
114,scilong,B114,8,-,0,NONE,0,0,0,Data,Opaque CAN data from host experiment
115,scilong,B115,8,-,0,NONE,0,0,0,Data,Opaque CAN data from host experiment
116,scilong,B116,8,-,0,NONE,0,0,0,Data,Opaque CAN data from host experiment
117,scilong,B117,8,-,0,NONE,0,0,0,Data,Opaque CAN data from host experiment
118,scilong,B118,8,-,0,NONE,0,0,0,Data,Opaque CAN data from host experiment
119,scilong,B119,8,-,0,NONE,0,0,0,Data,Opaque CAN data from host experiment
120,scilong,B120,8,-,0,NONE,0,0,0,Data,Opaque CAN data from host experiment
121,scilong,B121,8,-,0,NONE,0,0,0,Data,Opaque CAN data from host experiment
122,scilong,B122,8,-,0,NONE,0,0,0,Data,Opaque CAN data from host experiment
123,scilong,B123,8,-,0,NONE,0,0,0,Data,Opaque CAN data from host experiment
124,scilong,B124,8,-,0,NONE,0,0,0,Data,Opaque CAN data from host experiment
125,scilong,B125,8,-,0,NONE,0,0,0,Data,Opaque CAN data from host experiment
126,scilong,B126,8,-,0,NONE,0,0,0,Data,Opaque CAN data from host experiment
127,scilong,B127,8,-,0,NONE,0,0,0,Data,Opaque CAN data from host experiment
128,scilong,B128,8,-,0,NONE,0,0,0,Data,Opaque CAN data from host experiment
129,scilong,B129,8,-,0,NONE,0,0,0,Data,Opaque CAN data from host experiment
130,scilong,B130,8,-,0,NONE,0,0,0,Data,Opaque CAN data from host experiment
131,scilong,B131,8,-,0,NONE,0,0,0,Data,Opaque CAN data from host experiment
132,scilong,B132,8,-,0,NONE,0,0,0,Data,Opaque CAN data from host experiment
133,scilong,B133,8,-,0,NONE,0,0,0,Data,Opaque CAN data from host experiment
134,scilong,B134,8,-,0,NONE,0,0,0,Data,Opaque CAN data from host experiment
135,scilong,B135,8,-,0,NONE,0,0,0,Data,Opaque CAN data from host experiment
136,scilong,B136,8,-,0,NONE,0,0,0,Data,Opaque CAN data from host experiment
137,scilong,B137,8,-,0,NONE,0,0,0,Data,Opaque CAN data from host experiment
138,scilong,B138,8,-,0,NONE,0,0,0,Data,Opaque CAN data from host experiment
139,scilong,B139,8,-,0,NONE,0,0,0,Data,Opaque CAN data from host experiment
140,scilong,B140,8,-,0,NONE,0,0,0,Data,Opaque CAN data from host experiment
141,scilong,B141,8,-,0,NONE,0,0,0,Data,Opaque CAN data from host experiment
142,scilong,B142,8,-,0,NONE,0,0,0,Data,Opaque CAN data from host experiment
143,scilong,B143,8,-,0,NONE,0,0,0,Data,Opaque CAN data from host experiment
144,scilong,B144,8,-,0,NONE,0,0,0,Data,Opaque CAN data from host experiment
145,scilong,B145,8,-,0,NONE,0,0,0,Data,Opaque CAN data from host experiment
146,scilong,B146,8,-,0,NONE,0,0,0,Data,Opaque CAN data from host experiment
147,scilong,B147,8,-,0,NONE,0,0,0,Data,Opaque CAN data from host experiment
148,scilong,B148,8,-,0,NONE,0,0,0,Data,Opaque CAN data from host experiment
149,scilong,B149,8,-,0,NONE,0,0,0,Data,Opaque CAN data from host experiment
150,scilong,B150,8,-,0,NONE,0,0,0,Data,Opaque CAN data from host experiment
151,scilong,B151,8,-,0,NONE,0,0,0,Data,Opaque CAN data from host experiment
152,scilong,B152,8,-,0,NONE,0,0,0,Data,Opaque CAN data from host experiment
153,scilong,B153,8,-,0,NONE,0,0,0,Data,Opaque CAN data from host experiment
154,scilong,B154,8,-,0,NONE,0,0,0,Data,Opaque CAN data from host experiment
155,scilong,B155,8,-,0,NONE,0,0,0,Data,Opaque CAN data from host experiment
156,scilong,B156,8,-,0,NONE,0,0,0,Data,Opaque CAN data from host experiment
157,scilong,B157,8,-,0,NONE,0,0,0,Data,Opaque CAN data from host experiment
158,scilong,B158,8,-,0,NONE,0,0,0,Data,Opaque CAN data from host experiment
159,scilong,B159,8,-,0,NONE,0,0,0,Data,Opaque CAN data from host experiment
160,scilong,B160,8,-,0,NONE,0,0,0,Data,Opaque CAN data from host experiment
161,scilong,B161,8,-,0,NONE,0,0,0,Data,Opaque CAN data from host experiment
162,scilong,B162,8,-,0,NONE,0,0,0,Data,Opaque CAN data from host experiment
163,scilong,B163,8,-,0,NONE,0,0,0,Data,Opaque CAN data from host experiment
164,scilong,B164,8,-,0,NONE,0,0,0,Data,Opaque CAN data from host experiment
165,scilong,B165,8,-,0,NONE,0,0,0,Data,Opaque CAN data from host experiment
166,scilong,B166,8,-,0,NONE,0,0,0,Data,Opaque CAN data from host experiment
167,scilong,B167,8,-,0,NONE,0,0,0,Data,Opaque CAN data from host experiment
168,scilong,B168,8,-,0,NONE,0,0,0,Data,Opaque CAN data from host experiment
169,scilong,B169,8,-,0,NONE,0,0,0,Data,Opaque CAN data from host experiment
170,scilong,B170,8,-,0,NONE,0,0,0,Data,Opaque CAN data from host experiment
171,scilong,B171,8,-,0,NONE,0,0,0,Data,Opaque CAN data from host experiment
172,scilong,B172,8,-,0,NONE,0,0,0,Data,Opaque CAN data from host experiment
173,scilong,B173,8,-,0,NONE,0,0,0,Data,Opaque CAN data from host experiment
174,scilong,B174,8,-,0,NONE,0,0,0,Data,Opaque CAN data from host experiment
175,scilong,B175,8,-,0,NONE,0,0,0,Data,Opaque CAN data from host experiment
176,scilong,B176,8,-,0,NONE,0,0,0,Data,Opaque CAN data from host experiment
177,scilong,B177,8,-,0,NONE,0,0,0,Data,Opaque CAN data from host experiment
178,scilong,B178,8,-,0,NONE,0,0,0,Data,Opaque CAN data from host experiment
179,scilong,B179,8,-,0,NONE,0,0,0,Data,Opaque CAN data from host experiment
180,scilong,B180,8,-,0,NONE,0,0,0,Data,Opaque CAN data from host experiment
181,scilong,B181,8,-,0,NONE,0,0,0,Data,Opaque CAN data from host experiment
182,scilong,B182,8,-,0,NONE,0,0,0,Data,Opaque CAN data from host experiment
183,scilong,B183,8,-,0,NONE,0,0,0,Data,Opaque CAN data from host experiment
184,scilong,B184,8,-,0,NONE,0,0,0,Data,Opaque CAN data from host experiment
185,scilong,B185,8,-,0,NONE,0,0,0,Data,Opaque CAN data from host experiment
186,scilong,B186,8,-,0,NONE,0,0,0,Data,Opaque CAN data from host experiment
187,scilong,B187,8,-,0,NONE,0,0,0,Data,Opaque CAN data from host experiment
188,scilong,B188,8,-,0,NONE,0,0,0,Data,Opaque CAN data from host experiment
189,scilong,B189,8,-,0,NONE,0,0,0,Data,Opaque CAN data from host experiment
190,scilong,B190,8,-,0,NONE,0,0,0,Data,Opaque CAN data from host experiment
191,scilong,B191,8,-,0,NONE,0,0,0,Data,Opaque CAN data from host experiment
192,scilong,B192,8,-,0,NONE,0,0,0,Data,Opaque CAN data from host experiment
193,scilong,B193,8,-,0,NONE,0,0,0,Data,Opaque CAN data from host experiment
194,scilong,B194,8,-,0,NONE,0,0,0,Data,Opaque CAN data from host experiment
195,scilong,B195,8,-,0,NONE,0,0,0,Data,Opaque CAN data from host experiment
196,scilong,B196,8,-,0,NONE,0,0,0,Data,Opaque CAN data from host experiment
197,scilong,B197,8,-,0,NONE,0,0,0,Data,Opaque CAN data from host experiment
198,scilong,B198,8,-,0,NONE,0,0,0,Data,Opaque CAN data from host experiment
199,scilong,B199,8,-,0,NONE,0,0,0,Data,Opaque CAN data from host experiment
200,scilong,B200,8,-,0,NONE,0,0,0,Data,Opaque CAN data from host experiment
201,scilong,B201,8,-,0,NONE,0,0,0,Data,Opaque CAN data from host experiment
202,scilong,B202,8,-,0,NONE,0,0,0,Data,Opaque CAN data from host experiment
203,scilong,B203,8,-,0,NONE,0,0,0,Data,Opaque CAN data from host experiment
204,scilong,B204,8,-,0,NONE,0,0,0,Data,Opaque CAN data from host experiment
205,scilong,B205,8,-,0,NONE,0,0,0,Data,Opaque CAN data from host experiment
206,scilong,B206,8,-,0,NONE,0,0,0,Data,Opaque CAN data from host experiment
207,scilong,B207,8,-,0,NONE,0,0,0,Data,Opaque CAN data from host experiment
208,scilong,B208,8,-,0,NONE,0,0,0,Data,Opaque CAN data from host experiment
209,scilong,B209,8,-,0,NONE,0,0,0,Data,Opaque CAN data from host experiment
210,scilong,B210,8,-,0,NONE,0,0,0,Data,Opaque CAN data from host experiment
211,scilong,B211,8,-,0,NONE,0,0,0,Data,Opaque CAN data from host experiment
212,scilong,B212,8,-,0,NONE,0,0,0,Data,Opaque CAN data from host experiment
213,scilong,B213,8,-,0,NONE,0,0,0,Data,Opaque CAN data from host experiment
214,scilong,B214,8,-,0,NONE,0,0,0,Data,Opaque CAN data from host experiment
215,scilong,B215,8,-,0,NONE,0,0,0,Data,Opaque CAN data from host experiment
216,scilong,B216,8,-,0,NONE,0,0,0,Data,Opaque CAN data from host experiment
217,scilong,B217,8,-,0,NONE,0,0,0,Data,Opaque CAN data from host experiment
218,scilong,B218,8,-,0,NONE,0,0,0,Data,Opaque CAN data from host experiment
219,scilong,B219,8,-,0,NONE,0,0,0,Data,Opaque CAN data from host experiment
220,scilong,B220,8,-,0,NONE,0,0,0,Data,Opaque CAN data from host experiment
221,scilong,B221,8,-,0,NONE,0,0,0,Data,Opaque CAN data from host experiment
222,scilong,B222,8,-,0,NONE,0,0,0,Data,Opaque CAN data from host experiment
223,scilong,B223,8,-,0,NONE,0,0,0,Data,Opaque CAN data from host experiment
224,scilong,B224,8,-,0,NONE,0,0,0,Data,Opaque CAN data from host experiment
225,scilong,B225,8,-,0,NONE,0,0,0,Data,Opaque CAN data from host experiment
226,scilong,B226,8,-,0,NONE,0,0,0,Data,Opaque CAN data from host experiment
227,scilong,B227,8,-,0,NONE,0,0,0,Data,Opaque CAN data from host experiment
228,scilong,B228,8,-,0,NONE,0,0,0,Data,Opaque CAN data from host experiment
229,scilong,B229,8,-,0,NONE,0,0,0,Data,Opaque CAN data from host experiment
230,scilong,B230,8,-,0,NONE,0,0,0,Data,Opaque CAN data from host experiment
231,scilong,B231,8,-,0,NONE,0,0,0,Data,Opaque CAN data from host experiment
232,scilong,B232,8,-,0,NONE,0,0,0,Data,Opaque CAN data from host experiment
233,scilong,B233,8,-,0,NONE,0,0,0,Data,Opaque CAN data from host experiment
234,scilong,B234,8,-,0,NONE,0,0,0,Data,Opaque CAN data from host experiment
235,scilong,B235,8,-,0,NONE,0,0,0,Data,Opaque CAN data from host experiment
236,scilong,B236,8,-,0,NONE,0,0,0,Data,Opaque CAN data from host experiment
237,scilong,B237,8,-,0,NONE,0,0,0,Data,Opaque CAN data from host experiment
238,scilong,B238,8,-,0,NONE,0,0,0,Data,Opaque CAN data from host experiment
239,scilong,B239,8,-,0,NONE,0,0,0,Data,Opaque CAN data from host experiment
240,scilong,B240,8,-,0,NONE,0,0,0,Data,Opaque CAN data from host experiment
241,scilong,B241,8,-,0,NONE,0,0,0,Data,Opaque CAN data from host experiment
242,scilong,B242,8,-,0,NONE,0,0,0,Data,Opaque CAN data from host experiment
243,scilong,B243,8,-,0,NONE,0,0,0,Data,Opaque CAN data from host experiment
244,scilong,B244,8,-,0,NONE,0,0,0,Data,Opaque CAN data from host experiment
245,scilong,B245,8,-,0,NONE,0,0,0,Data,Opaque CAN data from host experiment
246,scilong,B246,8,-,0,NONE,0,0,0,Data,Opaque CAN data from host experiment
247,scilong,B247,8,-,0,NONE,0,0,0,Data,Opaque CAN data from host experiment
248,scilong,B248,8,-,0,NONE,0,0,0,Data,Opaque CAN data from host experiment
249,scilong,B249,8,-,0,NONE,0,0,0,Data,Opaque CAN data from host experiment
250,scilong,B250,8,-,0,NONE,0,0,0,Data,Opaque CAN data from host experiment
251,scilong,B251,8,-,0,NONE,0,0,0,Data,Opaque CAN data from host experiment
252,scilong,B252,8,-,0,NONE,0,0,0,Data,Opaque CAN data from host experiment
253,scilong,B253,8,-,0,NONE,0,0,0,Data,Opaque CAN data from host experiment
254,scilong,B254,8,-,0,NONE,0,0,0,Data,Opaque CAN data from host experiment
255,scilong,B255,8,-,0,NONE,0,0,0,Data,Opaque CAN data from host experiment
256,scilong,B256,8,-,0,NONE,0,0,0,Data,Opaque CAN data from host experiment
257,scilong,B257,8,-,0,NONE,0,0,0,Data,Opaque CAN data from host experiment
258,scilong,B258,8,-,0,NONE,0,0,0,Data,Opaque CAN data from host experiment
259,scilong,B259,8,-,0,NONE,0,0,0,Data,Opaque CAN data from host experiment
260,scilong,B260,8,-,0,NONE,0,0,0,Data,Opaque CAN data from host experiment
261,scilong,B261,8,-,0,NONE,0,0,0,Data,Opaque CAN data from host experiment
262,scilong,B262,8,-,0,NONE,0,0,0,Data,Opaque CAN data from host experiment
263,scilong,B263,8,-,0,NONE,0,0,0,Data,Opaque CAN data from host experiment
264,scilong,B264,8,-,0,NONE,0,0,0,Data,Opaque CAN data from host experiment
265,scilong,B265,8,-,0,NONE,0,0,0,Data,Opaque CAN data from host experiment
266,scilong,B266,8,-,0,NONE,0,0,0,Data,Opaque CAN data from host experiment
267,scilong,B267,8,-,0,NONE,0,0,0,Data,Opaque CAN data from host experiment
268,scilong,B268,8,-,0,NONE,0,0,0,Data,Opaque CAN data from host experiment
269,scilong,B269,8,-,0,NONE,0,0,0,Data,Opaque CAN data from host experiment
270,scilong,B270,8,-,0,NONE,0,0,0,Data,Opaque CAN data from host experiment
271,scilong,B271,8,-,0,NONE,0,0,0,Data,Opaque CAN data from host experiment
272,scilong,B272,8,-,0,NONE,0,0,0,Data,Opaque CAN data from host experiment
273,scilong,B273,8,-,0,NONE,0,0,0,Data,Opaque CAN data from host experiment
274,scilong,B274,8,-,0,NONE,0,0,0,Data,Opaque CAN data from host experiment
275,scilong,B275,8,-,0,NONE,0,0,0,Data,Opaque CAN data from host experiment
276,scilong,B276,8,-,0,NONE,0,0,0,Data,Opaque CAN data from host experiment
277,scilong,B277,8,-,0,NONE,0,0,0,Data,Opaque CAN data from host experiment
278,scilong,B278,8,-,0,NONE,0,0,0,Data,Opaque CAN data from host experiment
279,scilong,B279,8,-,0,NONE,0,0,0,Data,Opaque CAN data from host experiment
280,scilong,B280,8,-,0,NONE,0,0,0,Data,Opaque CAN data from host experiment
281,scilong,B281,8,-,0,NONE,0,0,0,Data,Opaque CAN data from host experiment
282,scilong,B282,8,-,0,NONE,0,0,0,Data,Opaque CAN data from host experiment
283,scilong,B283,8,-,0,NONE,0,0,0,Data,Opaque CAN data from host experiment
284,scilong,B284,8,-,0,NONE,0,0,0,Data,Opaque CAN data from host experiment
285,scilong,B285,8,-,0,NONE,0,0,0,Data,Opaque CAN data from host experiment
286,scilong,B286,8,-,0,NONE,0,0,0,Data,Opaque CAN data from host experiment
287,scilong,B287,8,-,0,NONE,0,0,0,Data,Opaque CAN data from host experiment
288,scilong,B288,8,-,0,NONE,0,0,0,Data,Opaque CAN data from host experiment
289,scilong,B289,8,-,0,NONE,0,0,0,Data,Opaque CAN data from host experiment
290,scilong,B290,8,-,0,NONE,0,0,0,Data,Opaque CAN data from host experiment
291,scilong,B291,8,-,0,NONE,0,0,0,Data,Opaque CAN data from host experiment
292,scilong,B292,8,-,0,NONE,0,0,0,Data,Opaque CAN data from host experiment
293,scilong,B293,8,-,0,NONE,0,0,0,Data,Opaque CAN data from host experiment
294,scilong,B294,8,-,0,NONE,0,0,0,Data,Opaque CAN data from host experiment
295,scilong,B295,8,-,0,NONE,0,0,0,Data,Opaque CAN data from host experiment
296,scilong,B296,8,-,0,NONE,0,0,0,Data,Opaque CAN data from host experiment
297,scilong,B297,8,-,0,NONE,0,0,0,Data,Opaque CAN data from host experiment
298,scilong,B298,8,-,0,NONE,0,0,0,Data,Opaque CAN data from host experiment
299,scilong,B299,8,-,0,NONE,0,0,0,Data,Opaque CAN data from host experiment
300,scilong,B300,8,-,0,NONE,0,0,0,Data,Opaque CAN data from host experiment
301,scilong,B301,8,-,0,NONE,0,0,0,Data,Opaque CAN data from host experiment
302,scilong,B302,8,-,0,NONE,0,0,0,Data,Opaque CAN data from host experiment
303,scilong,B303,8,-,0,NONE,0,0,0,Data,Opaque CAN data from host experiment
304,scilong,B304,8,-,0,NONE,0,0,0,Data,Opaque CAN data from host experiment
305,scilong,B305,8,-,0,NONE,0,0,0,Data,Opaque CAN data from host experiment
306,scilong,B306,8,-,0,NONE,0,0,0,Data,Opaque CAN data from host experiment
307,scilong,B307,8,-,0,NONE,0,0,0,Data,Opaque CAN data from host experiment
308,scilong,B308,8,-,0,NONE,0,0,0,Data,Opaque CAN data from host experiment
309,scilong,B309,8,-,0,NONE,0,0,0,Data,Opaque CAN data from host experiment
310,scilong,B310,8,-,0,NONE,0,0,0,Data,Opaque CAN data from host experiment
311,scilong,B311,8,-,0,NONE,0,0,0,Data,Opaque CAN data from host experiment
312,scilong,B312,8,-,0,NONE,0,0,0,Data,Opaque CAN data from host experiment
313,scilong,B313,8,-,0,NONE,0,0,0,Data,Opaque CAN data from host experiment
314,scilong,B314,8,-,0,NONE,0,0,0,Data,Opaque CAN data from host experiment
315,scilong,B315,8,-,0,NONE,0,0,0,Data,Opaque CAN data from host experiment
316,scilong,B316,8,-,0,NONE,0,0,0,Data,Opaque CAN data from host experiment
317,scilong,B317,8,-,0,NONE,0,0,0,Data,Opaque CAN data from host experiment
318,scilong,B318,8,-,0,NONE,0,0,0,Data,Opaque CAN data from host experiment
319,scilong,B319,8,-,0,NONE,0,0,0,Data,Opaque CAN data from host experiment
320,scilong,B320,8,-,0,NONE,0,0,0,Data,Opaque CAN data from host experiment
321,scilong,B321,8,-,0,NONE,0,0,0,Data,Opaque CAN data from host experiment
322,scilong,B322,8,-,0,NONE,0,0,0,Data,Opaque CAN data from host experiment
323,scilong,B323,8,-,0,NONE,0,0,0,Data,Opaque CAN data from host experiment
324,scilong,B324,8,-,0,NONE,0,0,0,Data,Opaque CAN data from host experiment
325,scilong,B325,8,-,0,NONE,0,0,0,Data,Opaque CAN data from host experiment
326,scilong,B326,8,-,0,NONE,0,0,0,Data,Opaque CAN data from host experiment
327,scilong,B327,8,-,0,NONE,0,0,0,Data,Opaque CAN data from host experiment
328,scilong,B328,8,-,0,NONE,0,0,0,Data,Opaque CAN data from host experiment
329,scilong,B329,8,-,0,NONE,0,0,0,Data,Opaque CAN data from host experiment
330,scilong,B330,8,-,0,NONE,0,0,0,Data,Opaque CAN data from host experiment
331,scilong,B331,8,-,0,NONE,0,0,0,Data,Opaque CAN data from host experiment
332,scilong,B332,8,-,0,NONE,0,0,0,Data,Opaque CAN data from host experiment
333,scilong,B333,8,-,0,NONE,0,0,0,Data,Opaque CAN data from host experiment
334,scilong,B334,8,-,0,NONE,0,0,0,Data,Opaque CAN data from host experiment
335,scilong,B335,8,-,0,NONE,0,0,0,Data,Opaque CAN data from host experiment
336,scilong,B336,8,-,0,NONE,0,0,0,Data,Opaque CAN data from host experiment
337,scilong,B337,8,-,0,NONE,0,0,0,Data,Opaque CAN data from host experiment
338,scilong,B338,8,-,0,NONE,0,0,0,Data,Opaque CAN data from host experiment
339,scilong,B339,8,-,0,NONE,0,0,0,Data,Opaque CAN data from host experiment
340,scilong,B340,8,-,0,NONE,0,0,0,Data,Opaque CAN data from host experiment
341,scilong,B341,8,-,0,NONE,0,0,0,Data,Opaque CAN data from host experiment
342,scilong,B342,8,-,0,NONE,0,0,0,Data,Opaque CAN data from host experiment
343,scilong,B343,8,-,0,NONE,0,0,0,Data,Opaque CAN data from host experiment
344,scilong,B344,8,-,0,NONE,0,0,0,Data,Opaque CAN data from host experiment
345,scilong,B345,8,-,0,NONE,0,0,0,Data,Opaque CAN data from host experiment
346,scilong,B346,8,-,0,NONE,0,0,0,Data,Opaque CAN data from host experiment
347,scilong,B347,8,-,0,NONE,0,0,0,Data,Opaque CAN data from host experiment
348,scilong,B348,8,-,0,NONE,0,0,0,Data,Opaque CAN data from host experiment
349,scilong,B349,8,-,0,NONE,0,0,0,Data,Opaque CAN data from host experiment
350,scilong,B350,8,-,0,NONE,0,0,0,Data,Opaque CAN data from host experiment
351,scilong,B351,8,-,0,NONE,0,0,0,Data,Opaque CAN data from host experiment
352,scilong,B352,8,-,0,NONE,0,0,0,Data,Opaque CAN data from host experiment
353,scilong,B353,8,-,0,NONE,0,0,0,Data,Opaque CAN data from host experiment
354,scilong,B354,8,-,0,NONE,0,0,0,Data,Opaque CAN data from host experiment
355,scilong,B355,8,-,0,NONE,0,0,0,Data,Opaque CAN data from host experiment
356,scilong,B356,8,-,0,NONE,0,0,0,Data,Opaque CAN data from host experiment
357,scilong,B357,8,-,0,NONE,0,0,0,Data,Opaque CAN data from host experiment
358,scilong,B358,8,-,0,NONE,0,0,0,Data,Opaque CAN data from host experiment
359,scilong,B359,8,-,0,NONE,0,0,0,Data,Opaque CAN data from host experiment
360,scilong,B360,8,-,0,NONE,0,0,0,Data,Opaque CAN data from host experiment
361,scilong,B361,8,-,0,NONE,0,0,0,Data,Opaque CAN data from host experiment
362,scilong,B362,8,-,0,NONE,0,0,0,Data,Opaque CAN data from host experiment
363,scilong,B363,8,-,0,NONE,0,0,0,Data,Opaque CAN data from host experiment
364,scilong,B364,8,-,0,NONE,0,0,0,Data,Opaque CAN data from host experiment
365,scilong,B365,8,-,0,NONE,0,0,0,Data,Opaque CAN data from host experiment
366,scilong,B366,8,-,0,NONE,0,0,0,Data,Opaque CAN data from host experiment
367,scilong,B367,8,-,0,NONE,0,0,0,Data,Opaque CAN data from host experiment
368,scilong,B368,8,-,0,NONE,0,0,0,Data,Opaque CAN data from host experiment
369,scilong,B369,8,-,0,NONE,0,0,0,Data,Opaque CAN data from host experiment
370,scilong,B370,8,-,0,NONE,0,0,0,Data,Opaque CAN data from host experiment
371,scilong,B371,8,-,0,NONE,0,0,0,Data,Opaque CAN data from host experiment
372,scilong,B372,8,-,0,NONE,0,0,0,Data,Opaque CAN data from host experiment
373,scilong,B373,8,-,0,NONE,0,0,0,Data,Opaque CAN data from host experiment
374,scilong,B374,8,-,0,NONE,0,0,0,Data,Opaque CAN data from host experiment
375,scilong,B375,8,-,0,NONE,0,0,0,Data,Opaque CAN data from host experiment
376,scilong,B376,8,-,0,NONE,0,0,0,Data,Opaque CAN data from host experiment
377,scilong,B377,8,-,0,NONE,0,0,0,Data,Opaque CAN data from host experiment
378,scilong,B378,8,-,0,NONE,0,0,0,Data,Opaque CAN data from host experiment
379,scilong,B379,8,-,0,NONE,0,0,0,Data,Opaque CAN data from host experiment
380,scilong,B380,8,-,0,NONE,0,0,0,Data,Opaque CAN data from host experiment
381,scilong,B381,8,-,0,NONE,0,0,0,Data,Opaque CAN data from host experiment
382,scilong,B382,8,-,0,NONE,0,0,0,Data,Opaque CAN data from host experiment
383,scilong,B383,8,-,0,NONE,0,0,0,Data,Opaque CAN data from host experiment
384,scilong,B384,8,-,0,NONE,0,0,0,Data,Opaque CAN data from host experiment
385,scilong,B385,8,-,0,NONE,0,0,0,Data,Opaque CAN data from host experiment
386,scilong,B386,8,-,0,NONE,0,0,0,Data,Opaque CAN data from host experiment
387,scilong,B387,8,-,0,NONE,0,0,0,Data,Opaque CAN data from host experiment
388,scilong,B388,8,-,0,NONE,0,0,0,Data,Opaque CAN data from host experiment
389,scilong,B389,8,-,0,NONE,0,0,0,Data,Opaque CAN data from host experiment
390,scilong,B390,8,-,0,NONE,0,0,0,Data,Opaque CAN data from host experiment
391,scilong,B391,8,-,0,NONE,0,0,0,Data,Opaque CAN data from host experiment
392,scilong,B392,8,-,0,NONE,0,0,0,Data,Opaque CAN data from host experiment
393,scilong,B393,8,-,0,NONE,0,0,0,Data,Opaque CAN data from host experiment
394,scilong,B394,8,-,0,NONE,0,0,0,Data,Opaque CAN data from host experiment
395,scilong,B395,8,-,0,NONE,0,0,0,Data,Opaque CAN data from host experiment
396,scilong,B396,8,-,0,NONE,0,0,0,Data,Opaque CAN data from host experiment
397,scilong,B397,8,-,0,NONE,0,0,0,Data,Opaque CAN data from host experiment
398,scilong,B398,8,-,0,NONE,0,0,0,Data,Opaque CAN data from host experiment
399,scilong,B399,8,-,0,NONE,0,0,0,Data,Opaque CAN data from host experiment
400,scilong,B400,8,-,0,NONE,0,0,0,Data,Opaque CAN data from host experiment
401,scilong,B401,8,-,0,NONE,0,0,0,Data,Opaque CAN data from host experiment
402,scilong,B402,8,-,0,NONE,0,0,0,Data,Opaque CAN data from host experiment
403,scilong,B403,8,-,0,NONE,0,0,0,Data,Opaque CAN data from host experiment
404,scilong,B404,8,-,0,NONE,0,0,0,Data,Opaque CAN data from host experiment
405,scilong,B405,8,-,0,NONE,0,0,0,Data,Opaque CAN data from host experiment
406,scilong,B406,8,-,0,NONE,0,0,0,Data,Opaque CAN data from host experiment
407,scilong,B407,8,-,0,NONE,0,0,0,Data,Opaque CAN data from host experiment
408,scilong,B408,8,-,0,NONE,0,0,0,Data,Opaque CAN data from host experiment
409,scilong,B409,8,-,0,NONE,0,0,0,Data,Opaque CAN data from host experiment
410,scilong,B410,8,-,0,NONE,0,0,0,Data,Opaque CAN data from host experiment
411,scilong,B411,8,-,0,NONE,0,0,0,Data,Opaque CAN data from host experiment
412,scilong,B412,8,-,0,NONE,0,0,0,Data,Opaque CAN data from host experiment
413,scilong,B413,8,-,0,NONE,0,0,0,Data,Opaque CAN data from host experiment
414,scilong,B414,8,-,0,NONE,0,0,0,Data,Opaque CAN data from host experiment
415,scilong,B415,8,-,0,NONE,0,0,0,Data,Opaque CAN data from host experiment
416,scilong,B416,8,-,0,NONE,0,0,0,Data,Opaque CAN data from host experiment
417,scilong,B417,8,-,0,NONE,0,0,0,Data,Opaque CAN data from host experiment
418,scilong,B418,8,-,0,NONE,0,0,0,Data,Opaque CAN data from host experiment
419,scilong,B419,8,-,0,NONE,0,0,0,Data,Opaque CAN data from host experiment
420,scilong,B420,8,-,0,NONE,0,0,0,Data,Opaque CAN data from host experiment
421,scilong,B421,8,-,0,NONE,0,0,0,Data,Opaque CAN data from host experiment
422,scilong,B422,8,-,0,NONE,0,0,0,Data,Opaque CAN data from host experiment
423,scilong,B423,8,-,0,NONE,0,0,0,Data,Opaque CAN data from host experiment
424,scilong,B424,8,-,0,NONE,0,0,0,Data,Opaque CAN data from host experiment
425,scilong,B425,8,-,0,NONE,0,0,0,Data,Opaque CAN data from host experiment
426,scilong,B426,8,-,0,NONE,0,0,0,Data,Opaque CAN data from host experiment
427,scilong,B427,8,-,0,NONE,0,0,0,Data,Opaque CAN data from host experiment
428,scilong,B428,8,-,0,NONE,0,0,0,Data,Opaque CAN data from host experiment
429,scilong,B429,8,-,0,NONE,0,0,0,Data,Opaque CAN data from host experiment
430,scilong,B430,8,-,0,NONE,0,0,0,Data,Opaque CAN data from host experiment
431,scilong,B431,8,-,0,NONE,0,0,0,Data,Opaque CAN data from host experiment
432,scilong,B432,8,-,0,NONE,0,0,0,Data,Opaque CAN data from host experiment
433,scilong,B433,8,-,0,NONE,0,0,0,Data,Opaque CAN data from host experiment
434,scilong,B434,8,-,0,NONE,0,0,0,Data,Opaque CAN data from host experiment
435,scilong,B435,8,-,0,NONE,0,0,0,Data,Opaque CAN data from host experiment
436,scilong,B436,8,-,0,NONE,0,0,0,Data,Opaque CAN data from host experiment
437,scilong,B437,8,-,0,NONE,0,0,0,Data,Opaque CAN data from host experiment
438,scilong,B438,8,-,0,NONE,0,0,0,Data,Opaque CAN data from host experiment
439,scilong,B439,8,-,0,NONE,0,0,0,Data,Opaque CAN data from host experiment
440,scilong,B440,8,-,0,NONE,0,0,0,Data,Opaque CAN data from host experiment
441,scilong,B441,8,-,0,NONE,0,0,0,Data,Opaque CAN data from host experiment
442,scilong,B442,8,-,0,NONE,0,0,0,Data,Opaque CAN data from host experiment
443,scilong,B443,8,-,0,NONE,0,0,0,Data,Opaque CAN data from host experiment
444,scilong,B444,8,-,0,NONE,0,0,0,Data,Opaque CAN data from host experiment
445,scilong,B445,8,-,0,NONE,0,0,0,Data,Opaque CAN data from host experiment
446,scilong,B446,8,-,0,NONE,0,0,0,Data,Opaque CAN data from host experiment
447,scilong,B447,8,-,0,NONE,0,0,0,Data,Opaque CAN data from host experiment
448,scilong,B448,8,-,0,NONE,0,0,0,Data,Opaque CAN data from host experiment
449,scilong,B449,8,-,0,NONE,0,0,0,Data,Opaque CAN data from host experiment
450,scilong,B450,8,-,0,NONE,0,0,0,Data,Opaque CAN data from host experiment
451,scilong,B451,8,-,0,NONE,0,0,0,Data,Opaque CAN data from host experiment
452,scilong,B452,8,-,0,NONE,0,0,0,Data,Opaque CAN data from host experiment
453,scilong,B453,8,-,0,NONE,0,0,0,Data,Opaque CAN data from host experiment
454,scilong,B454,8,-,0,NONE,0,0,0,Data,Opaque CAN data from host experiment
455,scilong,B455,8,-,0,NONE,0,0,0,Data,Opaque CAN data from host experiment
456,scilong,B456,8,-,0,NONE,0,0,0,Data,Opaque CAN data from host experiment
457,scilong,B457,8,-,0,NONE,0,0,0,Data,Opaque CAN data from host experiment
458,scilong,B458,8,-,0,NONE,0,0,0,Data,Opaque CAN data from host experiment
459,scilong,B459,8,-,0,NONE,0,0,0,Data,Opaque CAN data from host experiment
460,scilong,B460,8,-,0,NONE,0,0,0,Data,Opaque CAN data from host experiment
461,scilong,B461,8,-,0,NONE,0,0,0,Data,Opaque CAN data from host experiment
462,scilong,B462,8,-,0,NONE,0,0,0,Data,Opaque CAN data from host experiment
463,scilong,B463,8,-,0,NONE,0,0,0,Data,Opaque CAN data from host experiment
464,scilong,B464,8,-,0,NONE,0,0,0,Data,Opaque CAN data from host experiment
465,scilong,B465,8,-,0,NONE,0,0,0,Data,Opaque CAN data from host experiment
466,scilong,B466,8,-,0,NONE,0,0,0,Data,Opaque CAN data from host experiment
467,scilong,B467,8,-,0,NONE,0,0,0,Data,Opaque CAN data from host experiment
468,scilong,B468,8,-,0,NONE,0,0,0,Data,Opaque CAN data from host experiment
469,scilong,B469,8,-,0,NONE,0,0,0,Data,Opaque CAN data from host experiment
470,scilong,B470,8,-,0,NONE,0,0,0,Data,Opaque CAN data from host experiment
471,scilong,B471,8,-,0,NONE,0,0,0,Data,Opaque CAN data from host experiment
472,scilong,B472,8,-,0,NONE,0,0,0,Data,Opaque CAN data from host experiment
473,scilong,B473,8,-,0,NONE,0,0,0,Data,Opaque CAN data from host experiment
474,scilong,B474,8,-,0,NONE,0,0,0,Data,Opaque CAN data from host experiment
475,scilong,B475,8,-,0,NONE,0,0,0,Data,Opaque CAN data from host experiment
476,scilong,B476,8,-,0,NONE,0,0,0,Data,Opaque CAN data from host experiment
477,scilong,B477,8,-,0,NONE,0,0,0,Data,Opaque CAN data from host experiment
478,scilong,B478,8,-,0,NONE,0,0,0,Data,Opaque CAN data from host experiment
479,scilong,B479,8,-,0,NONE,0,0,0,Data,Opaque CAN data from host experiment
480,scilong,B480,8,-,0,NONE,0,0,0,Data,Opaque CAN data from host experiment
481,scilong,B481,8,-,0,NONE,0,0,0,Data,Opaque CAN data from host experiment
482,scilong,B482,8,-,0,NONE,0,0,0,Data,Opaque CAN data from host experiment
483,scilong,B483,8,-,0,NONE,0,0,0,Data,Opaque CAN data from host experiment
484,scilong,B484,8,-,0,NONE,0,0,0,Data,Opaque CAN data from host experiment
485,scilong,B485,8,-,0,NONE,0,0,0,Data,Opaque CAN data from host experiment
486,scilong,B486,8,-,0,NONE,0,0,0,Data,Opaque CAN data from host experiment
487,scilong,B487,8,-,0,NONE,0,0,0,Data,Opaque CAN data from host experiment
488,scilong,B488,8,-,0,NONE,0,0,0,Data,Opaque CAN data from host experiment
489,scilong,B489,8,-,0,NONE,0,0,0,Data,Opaque CAN data from host experiment
490,scilong,B490,8,-,0,NONE,0,0,0,Data,Opaque CAN data from host experiment
491,scilong,B491,8,-,0,NONE,0,0,0,Data,Opaque CAN data from host experiment
492,scilong,B492,8,-,0,NONE,0,0,0,Data,Opaque CAN data from host experiment
493,scilong,B493,8,-,0,NONE,0,0,0,Data,Opaque CAN data from host experiment
494,scilong,B494,8,-,0,NONE,0,0,0,Data,Opaque CAN data from host experiment
495,scilong,B495,8,-,0,NONE,0,0,0,Data,Opaque CAN data from host experiment
496,scilong,B496,8,-,0,NONE,0,0,0,Data,Opaque CAN data from host experiment
497,scilong,B497,8,-,0,NONE,0,0,0,Data,Opaque CAN data from host experiment
498,scilong,B498,8,-,0,NONE,0,0,0,Data,Opaque CAN data from host experiment
499,scilong,B499,8,-,0,NONE,0,0,0,Data,Opaque CAN data from host experiment
500,scilong,B500,8,-,0,NONE,0,0,0,Data,Opaque CAN data from host experiment
501,scilong,B501,8,-,0,NONE,0,0,0,Data,Opaque CAN data from host experiment
502,scilong,B502,8,-,0,NONE,0,0,0,Data,Opaque CAN data from host experiment
503,scilong,B503,8,-,0,NONE,0,0,0,Data,Opaque CAN data from host experiment
504,scilong,B504,8,-,0,NONE,0,0,0,Data,Opaque CAN data from host experiment
505,scilong,B505,8,-,0,NONE,0,0,0,Data,Opaque CAN data from host experiment
506,scilong,B506,8,-,0,NONE,0,0,0,Data,Opaque CAN data from host experiment
507,scilong,B507,8,-,0,NONE,0,0,0,Data,Opaque CAN data from host experiment
508,scilong,B508,8,-,0,NONE,0,0,0,Data,Opaque CAN data from host experiment
509,scilong,B509,8,-,0,NONE,0,0,0,Data,Opaque CAN data from host experiment
510,scilong,B510,8,-,0,NONE,0,0,0,Data,Opaque CAN data from host experiment
511,scilong,B511,8,-,0,NONE,0,0,0,Data,Opaque CAN data from host experiment
512,scilong,B512,8,-,0,NONE,0,0,0,Data,Opaque CAN data from host experiment
513,scilong,B513,8,-,0,NONE,0,0,0,Data,Opaque CAN data from host experiment
514,scilong,B514,8,-,0,NONE,0,0,0,Data,Opaque CAN data from host experiment
515,scilong,B515,8,-,0,NONE,0,0,0,Data,Opaque CAN data from host experiment
516,scilong,B516,8,-,0,NONE,0,0,0,Data,Opaque CAN data from host experiment
517,scilong,B517,8,-,0,NONE,0,0,0,Data,Opaque CAN data from host experiment
518,scilong,B518,8,-,0,NONE,0,0,0,Data,Opaque CAN data from host experiment
519,scilong,B519,8,-,0,NONE,0,0,0,Data,Opaque CAN data from host experiment
520,scilong,B520,8,-,0,NONE,0,0,0,Data,Opaque CAN data from host experiment
521,scilong,B521,8,-,0,NONE,0,0,0,Data,Opaque CAN data from host experiment
522,scilong,B522,8,-,0,NONE,0,0,0,Data,Opaque CAN data from host experiment
523,scilong,B523,8,-,0,NONE,0,0,0,Data,Opaque CAN data from host experiment
524,scilong,B524,8,-,0,NONE,0,0,0,Data,Opaque CAN data from host experiment
525,scilong,B525,8,-,0,NONE,0,0,0,Data,Opaque CAN data from host experiment
526,scilong,B526,8,-,0,NONE,0,0,0,Data,Opaque CAN data from host experiment
527,scilong,B527,8,-,0,NONE,0,0,0,Data,Opaque CAN data from host experiment
528,scilong,B528,8,-,0,NONE,0,0,0,Data,Opaque CAN data from host experiment
529,scilong,B529,8,-,0,NONE,0,0,0,Data,Opaque CAN data from host experiment
530,scilong,B530,8,-,0,NONE,0,0,0,Data,Opaque CAN data from host experiment
531,scilong,B531,8,-,0,NONE,0,0,0,Data,Opaque CAN data from host experiment
532,scilong,B532,8,-,0,NONE,0,0,0,Data,Opaque CAN data from host experiment
533,scilong,B533,8,-,0,NONE,0,0,0,Data,Opaque CAN data from host experiment
534,scilong,B534,8,-,0,NONE,0,0,0,Data,Opaque CAN data from host experiment
535,scilong,B535,8,-,0,NONE,0,0,0,Data,Opaque CAN data from host experiment
536,scilong,B536,8,-,0,NONE,0,0,0,Data,Opaque CAN data from host experiment
537,scilong,B537,8,-,0,NONE,0,0,0,Data,Opaque CAN data from host experiment
538,scilong,B538,8,-,0,NONE,0,0,0,Data,Opaque CAN data from host experiment
539,scilong,B539,8,-,0,NONE,0,0,0,Data,Opaque CAN data from host experiment
540,scilong,B540,8,-,0,NONE,0,0,0,Data,Opaque CAN data from host experiment
541,scilong,B541,8,-,0,NONE,0,0,0,Data,Opaque CAN data from host experiment
542,scilong,B542,8,-,0,NONE,0,0,0,Data,Opaque CAN data from host experiment
543,scilong,B543,8,-,0,NONE,0,0,0,Data,Opaque CAN data from host experiment
544,scilong,B544,8,-,0,NONE,0,0,0,Data,Opaque CAN data from host experiment
545,scilong,B545,8,-,0,NONE,0,0,0,Data,Opaque CAN data from host experiment
546,scilong,B546,8,-,0,NONE,0,0,0,Data,Opaque CAN data from host experiment
547,scilong,B547,8,-,0,NONE,0,0,0,Data,Opaque CAN data from host experiment
548,scilong,B548,8,-,0,NONE,0,0,0,Data,Opaque CAN data from host experiment
549,scilong,B549,8,-,0,NONE,0,0,0,Data,Opaque CAN data from host experiment
550,scilong,B550,8,-,0,NONE,0,0,0,Data,Opaque CAN data from host experiment
551,scilong,B551,8,-,0,NONE,0,0,0,Data,Opaque CAN data from host experiment
552,scilong,B552,8,-,0,NONE,0,0,0,Data,Opaque CAN data from host experiment
553,scilong,B553,8,-,0,NONE,0,0,0,Data,Opaque CAN data from host experiment
554,scilong,B554,8,-,0,NONE,0,0,0,Data,Opaque CAN data from host experiment
555,scilong,B555,8,-,0,NONE,0,0,0,Data,Opaque CAN data from host experiment
556,scilong,B556,8,-,0,NONE,0,0,0,Data,Opaque CAN data from host experiment
557,scilong,B557,8,-,0,NONE,0,0,0,Data,Opaque CAN data from host experiment
558,scilong,B558,8,-,0,NONE,0,0,0,Data,Opaque CAN data from host experiment
559,scilong,B559,8,-,0,NONE,0,0,0,Data,Opaque CAN data from host experiment
560,scilong,B560,8,-,0,NONE,0,0,0,Data,Opaque CAN data from host experiment
561,scilong,B561,8,-,0,NONE,0,0,0,Data,Opaque CAN data from host experiment
562,scilong,B562,8,-,0,NONE,0,0,0,Data,Opaque CAN data from host experiment
563,scilong,B563,8,-,0,NONE,0,0,0,Data,Opaque CAN data from host experiment
564,scilong,B564,8,-,0,NONE,0,0,0,Data,Opaque CAN data from host experiment
565,scilong,B565,8,-,0,NONE,0,0,0,Data,Opaque CAN data from host experiment
566,scilong,B566,8,-,0,NONE,0,0,0,Data,Opaque CAN data from host experiment
567,scilong,B567,8,-,0,NONE,0,0,0,Data,Opaque CAN data from host experiment
568,scilong,B568,8,-,0,NONE,0,0,0,Data,Opaque CAN data from host experiment
569,scilong,B569,8,-,0,NONE,0,0,0,Data,Opaque CAN data from host experiment
570,scilong,B570,8,-,0,NONE,0,0,0,Data,Opaque CAN data from host experiment
571,scilong,B571,8,-,0,NONE,0,0,0,Data,Opaque CAN data from host experiment
572,scilong,B572,8,-,0,NONE,0,0,0,Data,Opaque CAN data from host experiment
573,scilong,B573,8,-,0,NONE,0,0,0,Data,Opaque CAN data from host experiment
574,scilong,B574,8,-,0,NONE,0,0,0,Data,Opaque CAN data from host experiment
575,scilong,B575,8,-,0,NONE,0,0,0,Data,Opaque CAN data from host experiment
576,scilong,B576,8,-,0,NONE,0,0,0,Data,Opaque CAN data from host experiment
577,scilong,B577,8,-,0,NONE,0,0,0,Data,Opaque CAN data from host experiment
578,scilong,B578,8,-,0,NONE,0,0,0,Data,Opaque CAN data from host experiment
579,scilong,B579,8,-,0,NONE,0,0,0,Data,Opaque CAN data from host experiment
580,scilong,B580,8,-,0,NONE,0,0,0,Data,Opaque CAN data from host experiment
581,scilong,B581,8,-,0,NONE,0,0,0,Data,Opaque CAN data from host experiment
582,scilong,B582,8,-,0,NONE,0,0,0,Data,Opaque CAN data from host experiment
583,scilong,B583,8,-,0,NONE,0,0,0,Data,Opaque CAN data from host experiment
584,scilong,B584,8,-,0,NONE,0,0,0,Data,Opaque CAN data from host experiment
585,scilong,B585,8,-,0,NONE,0,0,0,Data,Opaque CAN data from host experiment
586,scilong,B586,8,-,0,NONE,0,0,0,Data,Opaque CAN data from host experiment
587,scilong,B587,8,-,0,NONE,0,0,0,Data,Opaque CAN data from host experiment
588,scilong,B588,8,-,0,NONE,0,0,0,Data,Opaque CAN data from host experiment
589,scilong,B589,8,-,0,NONE,0,0,0,Data,Opaque CAN data from host experiment
590,scilong,B590,8,-,0,NONE,0,0,0,Data,Opaque CAN data from host experiment
591,scilong,B591,8,-,0,NONE,0,0,0,Data,Opaque CAN data from host experiment
592,scilong,B592,8,-,0,NONE,0,0,0,Data,Opaque CAN data from host experiment
593,scilong,B593,8,-,0,NONE,0,0,0,Data,Opaque CAN data from host experiment
594,scilong,B594,8,-,0,NONE,0,0,0,Data,Opaque CAN data from host experiment
595,scilong,B595,8,-,0,NONE,0,0,0,Data,Opaque CAN data from host experiment
596,scilong,B596,8,-,0,NONE,0,0,0,Data,Opaque CAN data from host experiment
597,scilong,B597,8,-,0,NONE,0,0,0,Data,Opaque CAN data from host experiment
598,scilong,B598,8,-,0,NONE,0,0,0,Data,Opaque CAN data from host experiment
599,scilong,B599,8,-,0,NONE,0,0,0,Data,Opaque CAN data from host experiment
600,scilong,B600,8,-,0,NONE,0,0,0,Data,Opaque CAN data from host experiment
601,scilong,B601,8,-,0,NONE,0,0,0,Data,Opaque CAN data from host experiment
602,scilong,B602,8,-,0,NONE,0,0,0,Data,Opaque CAN data from host experiment
603,scilong,B603,8,-,0,NONE,0,0,0,Data,Opaque CAN data from host experiment
604,scilong,B604,8,-,0,NONE,0,0,0,Data,Opaque CAN data from host experiment
605,scilong,B605,8,-,0,NONE,0,0,0,Data,Opaque CAN data from host experiment
606,scilong,B606,8,-,0,NONE,0,0,0,Data,Opaque CAN data from host experiment
607,scilong,B607,8,-,0,NONE,0,0,0,Data,Opaque CAN data from host experiment
608,scilong,B608,8,-,0,NONE,0,0,0,Data,Opaque CAN data from host experiment
609,scilong,B609,8,-,0,NONE,0,0,0,Data,Opaque CAN data from host experiment
610,scilong,B610,8,-,0,NONE,0,0,0,Data,Opaque CAN data from host experiment
611,scilong,B611,8,-,0,NONE,0,0,0,Data,Opaque CAN data from host experiment
612,scilong,B612,8,-,0,NONE,0,0,0,Data,Opaque CAN data from host experiment
613,scilong,B613,8,-,0,NONE,0,0,0,Data,Opaque CAN data from host experiment
614,scilong,B614,8,-,0,NONE,0,0,0,Data,Opaque CAN data from host experiment
615,scilong,B615,8,-,0,NONE,0,0,0,Data,Opaque CAN data from host experiment
616,scilong,B616,8,-,0,NONE,0,0,0,Data,Opaque CAN data from host experiment
617,scilong,B617,8,-,0,NONE,0,0,0,Data,Opaque CAN data from host experiment
618,scilong,B618,8,-,0,NONE,0,0,0,Data,Opaque CAN data from host experiment
619,scilong,B619,8,-,0,NONE,0,0,0,Data,Opaque CAN data from host experiment
620,scilong,B620,8,-,0,NONE,0,0,0,Data,Opaque CAN data from host experiment
621,scilong,B621,8,-,0,NONE,0,0,0,Data,Opaque CAN data from host experiment
622,scilong,B622,8,-,0,NONE,0,0,0,Data,Opaque CAN data from host experiment
623,scilong,B623,8,-,0,NONE,0,0,0,Data,Opaque CAN data from host experiment
624,scilong,B624,8,-,0,NONE,0,0,0,Data,Opaque CAN data from host experiment
625,scilong,B625,8,-,0,NONE,0,0,0,Data,Opaque CAN data from host experiment
626,scilong,B626,8,-,0,NONE,0,0,0,Data,Opaque CAN data from host experiment
627,scilong,B627,8,-,0,NONE,0,0,0,Data,Opaque CAN data from host experiment
628,scilong,B628,8,-,0,NONE,0,0,0,Data,Opaque CAN data from host experiment
629,scilong,B629,8,-,0,NONE,0,0,0,Data,Opaque CAN data from host experiment
630,scilong,B630,8,-,0,NONE,0,0,0,Data,Opaque CAN data from host experiment
631,scilong,B631,8,-,0,NONE,0,0,0,Data,Opaque CAN data from host experiment
632,scilong,B632,8,-,0,NONE,0,0,0,Data,Opaque CAN data from host experiment
633,scilong,B633,8,-,0,NONE,0,0,0,Data,Opaque CAN data from host experiment
634,scilong,B634,8,-,0,NONE,0,0,0,Data,Opaque CAN data from host experiment
635,scilong,B635,8,-,0,NONE,0,0,0,Data,Opaque CAN data from host experiment
636,scilong,B636,8,-,0,NONE,0,0,0,Data,Opaque CAN data from host experiment
637,scilong,B637,8,-,0,NONE,0,0,0,Data,Opaque CAN data from host experiment
638,scilong,B638,8,-,0,NONE,0,0,0,Data,Opaque CAN data from host experiment
639,scilong,B639,8,-,0,NONE,0,0,0,Data,Opaque CAN data from host experiment
640,scilong,B640,8,-,0,NONE,0,0,0,Data,Opaque CAN data from host experiment
641,scilong,B641,8,-,0,NONE,0,0,0,Data,Opaque CAN data from host experiment
642,scilong,B642,8,-,0,NONE,0,0,0,Data,Opaque CAN data from host experiment
643,scilong,B643,8,-,0,NONE,0,0,0,Data,Opaque CAN data from host experiment
644,scilong,B644,8,-,0,NONE,0,0,0,Data,Opaque CAN data from host experiment
645,scilong,B645,8,-,0,NONE,0,0,0,Data,Opaque CAN data from host experiment
646,scilong,B646,8,-,0,NONE,0,0,0,Data,Opaque CAN data from host experiment
647,scilong,B647,8,-,0,NONE,0,0,0,Data,Opaque CAN data from host experiment
648,scilong,B648,8,-,0,NONE,0,0,0,Data,Opaque CAN data from host experiment
649,scilong,B649,8,-,0,NONE,0,0,0,Data,Opaque CAN data from host experiment
650,scilong,B650,8,-,0,NONE,0,0,0,Data,Opaque CAN data from host experiment
651,scilong,B651,8,-,0,NONE,0,0,0,Data,Opaque CAN data from host experiment
652,scilong,Longscisparebits,7,-,0,NONE,0,0,0,LongSciSparebits,Pad
653,scilong,overflow,1,-,21,CAN Queue,1,1,0,Overflow,One or more CAN messages lost
