85,TYPE,FIELD,BITS,UNIT,CONVERSION,MODULE,MODULE_NUM,MODULE_LINE,LINE_TYPE,SHORT_NAME,DESCRIPTION
0,sci,B0,8,-,0,NONE,0,0,0,Data,Opaque CAN data from host experiment
1,sci,B1,8,-,0,NONE,0,0,0,Data,Opaque CAN data from host experiment
2,sci,B2,8,-,0,NONE,0,0,0,Data,Opaque CAN data from host experiment
3,sci,B3,8,-,0,NONE,0,0,0,Data,Opaque CAN data from host experiment
4,sci,B4,8,-,0,NONE,0,0,0,Data,Opaque CAN data from host experiment
5,sci,B5,8,-,0,NONE,0,0,0,Data,Opaque CAN data from host experiment
6,sci,B6,8,-,0,NONE,0,0,0,Data,Opaque CAN data from host experiment
7,sci,B7,8,-,0,NONE,0,0,0,Data,Opaque CAN data from host experiment
8,sci,B8,8,-,0,NONE,0,0,0,Data,Opaque CAN data from host experiment
9,sci,B9,8,-,0,NONE,0,0,0,Data,Opaque CAN data from host experiment
10,sci,B10,8,-,0,NONE,0,0,0,Data,Opaque CAN data from host experiment
11,sci,B11,8,-,0,NONE,0,0,0,Data,Opaque CAN data from host experiment
12,sci,B12,8,-,0,NONE,0,0,0,Data,Opaque CAN data from host experiment
13,sci,B13,8,-,0,NONE,0,0,0,Data,Opaque CAN data from host experiment
14,sci,B14,8,-,0,NONE,0,0,0,Data,Opaque CAN data from host experiment
15,sci,B15,8,-,0,NONE,0,0,0,Data,Opaque CAN data from host experiment
16,sci,B16,8,-,0,NONE,0,0,0,Data,Opaque CAN data from host experiment
17,sci,B17,8,-,0,NONE,0,0,0,Data,Opaque CAN data from host experiment
18,sci,B18,8,-,0,NONE,0,0,0,Data,Opaque CAN data from host experiment
19,sci,B19,8,-,0,NONE,0,0,0,Data,Opaque CAN data from host experiment
20,sci,B20,8,-,0,NONE,0,0,0,Data,Opaque CAN data from host experiment
21,sci,B21,8,-,0,NONE,0,0,0,Data,Opaque CAN data from host experiment
22,sci,B22,8,-,0,NONE,0,0,0,Data,Opaque CAN data from host experiment
23,sci,B23,8,-,0,NONE,0,0,0,Data,Opaque CAN data from host experiment
24,sci,B24,8,-,0,NONE,0,0,0,Data,Opaque CAN data from host experiment
25,sci,B25,8,-,0,NONE,0,0,0,Data,Opaque CAN data from host experiment
26,sci,B26,8,-,0,NONE,0,0,0,Data,Opaque CAN data from host experiment
27,sci,B27,8,-,0,NONE,0,0,0,Data,Opaque CAN data from host experiment
28,sci,B28,8,-,0,NONE,0,0,0,Data,Opaque CAN data from host experiment
29,sci,B29,8,-,0,NONE,0,0,0,Data,Opaque CAN data from host experiment
30,sci,B30,8,-,0,NONE,0,0,0,Data,Opaque CAN data from host experiment
31,sci,B31,8,-,0,NONE,0,0,0,Data,Opaque CAN data from host experiment
32,sci,B32,8,-,0,NONE,0,0,0,Data,Opaque CAN data from host experiment
33,sci,B33,8,-,0,NONE,0,0,0,Data,Opaque CAN data from host experiment
34,sci,B34,8,-,0,NONE,0,0,0,Data,Opaque CAN data from host experiment
35,sci,B35,8,-,0,NONE,0,0,0,Data,Opaque CAN data from host experiment
36,sci,B36,8,-,0,NONE,0,0,0,Data,Opaque CAN data from host experiment
37,sci,B37,8,-,0,NONE,0,0,0,Data,Opaque CAN data from host experiment
38,sci,B38,8,-,0,NONE,0,0,0,Data,Opaque CAN data from host experiment
39,sci,B39,8,-,0,NONE,0,0,0,Data,Opaque CAN data from host experiment
40,sci,B40,8,-,0,NONE,0,0,0,Data,Opaque CAN data from host experiment
41,sci,B41,8,-,0,NONE,0,0,0,Data,Opaque CAN data from host experiment
42,sci,B42,8,-,0,NONE,0,0,0,Data,Opaque CAN data from host experiment
43,sci,B43,8,-,0,NONE,0,0,0,Data,Opaque CAN data from host experiment
44,sci,B44,8,-,0,NONE,0,0,0,Data,Opaque CAN data from host experiment
45,sci,B45,8,-,0,NONE,0,0,0,Data,Opaque CAN data from host experiment
46,sci,B46,8,-,0,NONE,0,0,0,Data,Opaque CAN data from host experiment
47,sci,B47,8,-,0,NONE,0,0,0,Data,Opaque CAN data from host experiment
48,sci,B48,8,-,0,NONE,0,0,0,Data,Opaque CAN data from host experiment
49,sci,B49,8,-,0,NONE,0,0,0,Data,Opaque CAN data from host experiment
50,sci,B50,8,-,0,NONE,0,0,0,Data,Opaque CAN data from host experiment
51,sci,B51,8,-,0,NONE,0,0,0,Data,Opaque CAN data from host experiment
52,sci,B52,8,-,0,NONE,0,0,0,Data,Opaque CAN data from host experiment
53,sci,B53,8,-,0,NONE,0,0,0,Data,Opaque CAN data from host experiment
54,sci,B54,8,-,0,NONE,0,0,0,Data,Opaque CAN data from host experiment
55,sci,B55,8,-,0,NONE,0,0,0,Data,Opaque CAN data from host experiment
56,sci,B56,8,-,0,NONE,0,0,0,Data,Opaque CAN data from host experiment
57,sci,B57,8,-,0,NONE,0,0,0,Data,Opaque CAN data from host experiment
58,sci,B58,8,-,0,NONE,0,0,0,Data,Opaque CAN data from host experiment
59,sci,B59,8,-,0,NONE,0,0,0,Data,Opaque CAN data from host experiment
60,sci,B60,8,-,0,NONE,0,0,0,Data,Opaque CAN data from host experiment
61,sci,B61,8,-,0,NONE,0,0,0,Data,Opaque CAN data from host experiment
62,sci,B62,8,-,0,NONE,0,0,0,Data,Opaque CAN data from host experiment
63,sci,B63,8,-,0,NONE,0,0,0,Data,Opaque CAN data from host experiment
64,sci,B64,8,-,0,NONE,0,0,0,Data,Opaque CAN data from host experiment
65,sci,B65,8,-,0,NONE,0,0,0,Data,Opaque CAN data from host experiment
66,sci,B66,8,-,0,NONE,0,0,0,Data,Opaque CAN data from host experiment
67,sci,B67,8,-,0,NONE,0,0,0,Data,Opaque CAN data from host experiment
68,sci,B68,8,-,0,NONE,0,0,0,Data,Opaque CAN data from host experiment
69,sci,B69,8,-,0,NONE,0,0,0,Data,Opaque CAN data from host experiment
70,sci,B70,8,-,0,NONE,0,0,0,Data,Opaque CAN data from host experiment
71,sci,B71,8,-,0,NONE,0,0,0,Data,Opaque CAN data from host experiment
72,sci,B72,8,-,0,NONE,0,0,0,Data,Opaque CAN data from host experiment
73,sci,B73,8,-,0,NONE,0,0,0,Data,Opaque CAN data from host experiment
74,sci,B74,8,-,0,NONE,0,0,0,Data,Opaque CAN data from host experiment
75,sci,B75,8,-,0,NONE,0,0,0,Data,Opaque CAN data from host experiment
76,sci,B76,8,-,0,NONE,0,0,0,Data,Opaque CAN data from host experiment
77,sci,B77,8,-,0,NONE,0,0,0,Data,Opaque CAN data from host experiment
78,sci,B78,8,-,0,NONE,0,0,0,Data,Opaque CAN data from host experiment
79,sci,B79,8,-,0,NONE,0,0,0,Data,Opaque CAN data from host experiment
80,sci,B80,8,-,0,NONE,0,0,0,Data,Opaque CAN data from host experiment
81,sci,B81,8,-,0,NONE,0,0,0,Data,Opaque CAN data from host experiment
82,sci,B82,8,-,0,NONE,0,0,0,Data,Opaque CAN data from host experiment
83,sci,sparebits,7,-,0,NONE,0,0,0,Sparebits,Pad
84,sci,overflow,1,-,21,CAN Queue,1,1,0,Overflow,One or more CAN messages lost
